"","DATE","MONTH","QUARTER","CSI_ID","CSI_VALUE"
"1","06/30/2013",Jun 2013,2013 Q2,"CO_oil1",25.92
"2","07/31/2013",Jul 2013,2013 Q3,"CO_oil1",27.280001
"3","08/31/2013",Aug 2013,2013 Q3,"CO_oil1",27.52
"4","09/30/2013",Sep 2013,2013 Q3,"CO_oil1",27.440001
"5","10/31/2013",Oct 2013,2013 Q4,"CO_oil1",27.049999
"6","11/30/2013",Nov 2013,2013 Q4,"CO_oil1",26.73
"7","12/31/2013",Dec 2013,2013 Q4,"CO_oil1",27.700001
"8","01/31/2014",Jan 2014,2014 Q1,"CO_oil1",26.879999
"9","02/28/2014",Feb 2014,2014 Q1,"CO_oil1",28.65
"10","03/31/2014",Mar 2014,2014 Q1,"CO_oil1",28.620001
"11","04/30/2014",Apr 2014,2014 Q2,"CO_oil1",28.459999
"12","05/31/2014",May 2014,2014 Q2,"CO_oil1",29.469999
"13","06/30/2014",Jun 2014,2014 Q2,"CO_oil1",30.76
"14","07/31/2014",Jul 2014,2014 Q3,"CO_oil1",28.9
"15","08/31/2014",Aug 2014,2014 Q3,"CO_oil1",28.4
"16","09/30/2014",Sep 2014,2014 Q3,"CO_oil1",27.129999
"17","10/31/2014",Oct 2014,2014 Q4,"CO_oil1",24.18
"18","11/30/2014",Nov 2014,2014 Q4,"CO_oil1",20.030001
"19","12/31/2014",Dec 2014,2014 Q4,"CO_oil1",15.7
"20","01/31/2015",Jan 2015,2015 Q1,"CO_oil1",13.62
"21","02/28/2015",Feb 2015,2015 Q1,"CO_oil1",14.63
"22","03/31/2015",Mar 2015,2015 Q1,"CO_oil1",13.49
"23","04/30/2015",Apr 2015,2015 Q2,"CO_oil1",15.18
"24","05/31/2015",May 2015,2015 Q2,"CO_oil1",14.74
"25","06/30/2015",Jun 2015,2015 Q2,"CO_oil1",14.6
"26","07/31/2015",Jul 2015,2015 Q3,"CO_oil1",12.08
"27","08/31/2015",Aug 2015,2015 Q3,"CO_oil1",12.43
"28","09/30/2015",Sep 2015,2015 Q3,"CO_oil1",11.35
"29","10/31/2015",Oct 2015,2015 Q4,"CO_oil1",11.59
"30","11/30/2015",Nov 2015,2015 Q4,"CO_oil1",10.46
"31","12/31/2015",Dec 2015,2015 Q4,"CO_oil1",9.05
"32","01/31/2016",Jan 2016,2016 Q1,"CO_oil1",8
"33","02/29/2016",Feb 2016,2016 Q1,"CO_oil1",7.38
"34","03/31/2016",Mar 2016,2016 Q1,"CO_oil1",7.77
"35","04/30/2016",Apr 2016,2016 Q2,"CO_oil1",8.6
"36","05/31/2016",May 2016,2016 Q2,"CO_oil1",9.06
"37","06/30/2016",Jun 2016,2016 Q2,"CO_oil1",9.16
"38","07/31/2016",Jul 2016,2016 Q3,"CO_oil1",8.06
"39","08/31/2016",Aug 2016,2016 Q3,"CO_oil1",8.43
"40","09/30/2016",Sep 2016,2016 Q3,"CO_oil1",8.87
"41","10/31/2016",Oct 2016,2016 Q4,"CO_oil1",8.57
"42","11/30/2016",Nov 2016,2016 Q4,"CO_oil1",9
"43","12/31/2016",Dec 2016,2016 Q4,"CO_oil1",9.68
"44","01/31/2017",Jan 2017,2017 Q1,"CO_oil1",9.35
"45","02/28/2017",Feb 2017,2017 Q1,"CO_oil1",9.31
"46","03/31/2017",Mar 2017,2017 Q1,"CO_oil1",8.79
"47","04/30/2017",Apr 2017,2017 Q2,"CO_oil1",8.54
"48","05/31/2017",May 2017,2017 Q2,"CO_oil1",8.29
"49","06/30/2017",Jun 2017,2017 Q2,"CO_oil1",8.07
"50","07/31/2017",Jul 2017,2017 Q3,"CO_oil1",8.54
"51","08/31/2017",Aug 2017,2017 Q3,"CO_oil1",8.33
"52","09/30/2017",Sep 2017,2017 Q3,"CO_oil1",8.79
"53","10/31/2017",Oct 2017,2017 Q4,"CO_oil1",9.24
"54","11/30/2017",Nov 2017,2017 Q4,"CO_oil1",9.68
"55","12/31/2017",Dec 2017,2017 Q4,"CO_oil1",10.15
"56","01/31/2018",Jan 2018,2018 Q1,"CO_oil1",10.96
"57","02/28/2018",Feb 2018,2018 Q1,"CO_oil1",10.49
"58","03/31/2018",Mar 2018,2018 Q1,"CO_oil1",11.17
"59","04/30/2018",Apr 2018,2018 Q2,"CO_oil1",11.82
"60","05/31/2018",May 2018,2018 Q2,"CO_oil1",11.92
"61","06/30/2018",Jun 2018,2018 Q2,"CO_oil1",12.46
"62","07/31/2018",Jul 2018,2018 Q3,"CO_oil1",12.21
"63","08/31/2018",Aug 2018,2018 Q3,"CO_oil1",12.64
"64","09/30/2018",Sep 2018,2018 Q3,"CO_oil1",13.48
"65","10/31/2018",Oct 2018,2018 Q4,"CO_oil1",12.17
"66","11/30/2018",Nov 2018,2018 Q4,"CO_oil1",9.48
"67","12/31/2018",Dec 2018,2018 Q4,"CO_oil1",8.47
"68","01/31/2019",Jan 2019,2019 Q1,"CO_oil1",9.92
"69","02/28/2019",Feb 2019,2019 Q1,"CO_oil1",10.34
"70","03/31/2019",Mar 2019,2019 Q1,"CO_oil1",10.51
"71","04/30/2019",Apr 2019,2019 Q2,"CO_oil1",10.92
"72","06/30/2013",Jun 2013,2013 Q2,"CO_gold",119.110001
"73","07/31/2013",Jul 2013,2013 Q3,"CO_gold",127.959999
"74","08/31/2013",Aug 2013,2013 Q3,"CO_gold",134.619995
"75","09/30/2013",Sep 2013,2013 Q3,"CO_gold",128.179993
"76","10/31/2013",Oct 2013,2013 Q4,"CO_gold",127.739998
"77","11/30/2013",Nov 2013,2013 Q4,"CO_gold",120.699997
"78","12/31/2013",Dec 2013,2013 Q4,"CO_gold",116.120003
"79","01/31/2014",Jan 2014,2014 Q1,"CO_gold",120.089996
"80","02/28/2014",Feb 2014,2014 Q1,"CO_gold",127.620003
"81","03/31/2014",Mar 2014,2014 Q1,"CO_gold",123.610001
"82","04/30/2014",Apr 2014,2014 Q2,"CO_gold",124.220001
"83","05/31/2014",May 2014,2014 Q2,"CO_gold",120.43
"84","06/30/2014",Jun 2014,2014 Q2,"CO_gold",128.039993
"85","07/31/2014",Jul 2014,2014 Q3,"CO_gold",123.389999
"86","08/31/2014",Aug 2014,2014 Q3,"CO_gold",123.860001
"87","09/30/2014",Sep 2014,2014 Q3,"CO_gold",116.209999
"88","10/31/2014",Oct 2014,2014 Q4,"CO_gold",112.660004
"89","11/30/2014",Nov 2014,2014 Q4,"CO_gold",112.110001
"90","12/31/2014",Dec 2014,2014 Q4,"CO_gold",113.580002
"91","01/31/2015",Jan 2015,2015 Q1,"CO_gold",123.449997
"92","02/28/2015",Feb 2015,2015 Q1,"CO_gold",116.160004
"93","03/31/2015",Mar 2015,2015 Q1,"CO_gold",113.660004
"94","04/30/2015",Apr 2015,2015 Q2,"CO_gold",113.470001
"95","05/31/2015",May 2015,2015 Q2,"CO_gold",114.099998
"96","06/30/2015",Jun 2015,2015 Q2,"CO_gold",112.370003
"97","07/31/2015",Jul 2015,2015 Q3,"CO_gold",104.93
"98","08/31/2015",Aug 2015,2015 Q3,"CO_gold",108.82
"99","09/30/2015",Sep 2015,2015 Q3,"CO_gold",106.860001
"100","10/31/2015",Oct 2015,2015 Q4,"CO_gold",109.300003
"101","11/30/2015",Nov 2015,2015 Q4,"CO_gold",101.919998
"102","12/31/2015",Dec 2015,2015 Q4,"CO_gold",101.459999
"103","01/31/2016",Jan 2016,2016 Q1,"CO_gold",106.949997
"104","02/29/2016",Feb 2016,2016 Q1,"CO_gold",118.639999
"105","03/31/2016",Mar 2016,2016 Q1,"CO_gold",117.639999
"106","04/30/2016",Apr 2016,2016 Q2,"CO_gold",123.650002
"107","05/31/2016",May 2016,2016 Q2,"CO_gold",116.059998
"108","06/30/2016",Jun 2016,2016 Q2,"CO_gold",126.470001
"109","07/31/2016",Jul 2016,2016 Q3,"CO_gold",128.979996
"110","08/31/2016",Aug 2016,2016 Q3,"CO_gold",124.779999
"111","09/30/2016",Sep 2016,2016 Q3,"CO_gold",125.639999
"112","10/31/2016",Oct 2016,2016 Q4,"CO_gold",121.940002
"113","11/30/2016",Nov 2016,2016 Q4,"CO_gold",111.75
"114","12/31/2016",Dec 2016,2016 Q4,"CO_gold",109.610001
"115","01/31/2017",Jan 2017,2017 Q1,"CO_gold",115.550003
"116","02/28/2017",Feb 2017,2017 Q1,"CO_gold",119.230003
"117","03/31/2017",Mar 2017,2017 Q1,"CO_gold",118.720001
"118","04/30/2017",Apr 2017,2017 Q2,"CO_gold",120.769997
"119","05/31/2017",May 2017,2017 Q2,"CO_gold",120.620003
"120","06/30/2017",Jun 2017,2017 Q2,"CO_gold",118.019997
"121","07/31/2017",Jul 2017,2017 Q3,"CO_gold",120.75
"122","08/31/2017",Aug 2017,2017 Q3,"CO_gold",125.82
"123","09/30/2017",Sep 2017,2017 Q3,"CO_gold",121.580002
"124","10/31/2017",Oct 2017,2017 Q4,"CO_gold",120.669998
"125","11/30/2017",Nov 2017,2017 Q4,"CO_gold",121.099998
"126","12/31/2017",Dec 2017,2017 Q4,"CO_gold",123.650002
"127","01/31/2018",Jan 2018,2018 Q1,"CO_gold",127.650002
"128","02/28/2018",Feb 2018,2018 Q1,"CO_gold",125
"129","03/31/2018",Mar 2018,2018 Q1,"CO_gold",125.790001
"130","04/30/2018",Apr 2018,2018 Q2,"CO_gold",124.589996
"131","05/31/2018",May 2018,2018 Q2,"CO_gold",123.099998
"132","06/30/2018",Jun 2018,2018 Q2,"CO_gold",118.650002
"133","07/31/2018",Jul 2018,2018 Q3,"CO_gold",115.989998
"134","08/31/2018",Aug 2018,2018 Q3,"CO_gold",113.510002
"135","09/30/2018",Sep 2018,2018 Q3,"CO_gold",112.760002
"136","10/31/2018",Oct 2018,2018 Q4,"CO_gold",115.150002
"137","11/30/2018",Nov 2018,2018 Q4,"CO_gold",115.540001
"138","12/31/2018",Dec 2018,2018 Q4,"CO_gold",121.25
"139","01/31/2019",Jan 2019,2019 Q1,"CO_gold",124.75
"140","02/28/2019",Feb 2019,2019 Q1,"CO_gold",123.989998
"141","03/31/2019",Mar 2019,2019 Q1,"CO_gold",122.010002
"142","04/30/2019",Apr 2019,2019 Q2,"CO_gold",121.199997
"143","06/30/2013",Jun 2013,2013 Q2,"CO_grains",48.669998
"144","07/31/2013",Jul 2013,2013 Q3,"CO_grains",46.5
"145","08/31/2013",Aug 2013,2013 Q3,"CO_grains",48.150002
"146","09/30/2013",Sep 2013,2013 Q3,"CO_grains",45.799999
"147","10/31/2013",Oct 2013,2013 Q4,"CO_grains",45.080002
"148","11/30/2013",Nov 2013,2013 Q4,"CO_grains",45.150002
"149","12/31/2013",Dec 2013,2013 Q4,"CO_grains",43.130001
"150","01/31/2014",Jan 2014,2014 Q1,"CO_grains",42.740002
"151","02/28/2014",Feb 2014,2014 Q1,"CO_grains",46.759998
"152","03/31/2014",Mar 2014,2014 Q1,"CO_grains",50.439999
"153","04/30/2014",Apr 2014,2014 Q2,"CO_grains",52.279999
"154","05/31/2014",May 2014,2014 Q2,"CO_grains",47.779999
"155","06/30/2014",Jun 2014,2014 Q2,"CO_grains",43.299999
"156","07/31/2014",Jul 2014,2014 Q3,"CO_grains",38.580002
"157","08/31/2014",Aug 2014,2014 Q3,"CO_grains",38.009998
"158","09/30/2014",Sep 2014,2014 Q3,"CO_grains",32.860001
"159","10/31/2014",Oct 2014,2014 Q4,"CO_grains",37.900002
"160","11/30/2014",Nov 2014,2014 Q4,"CO_grains",38.240002
"161","12/31/2014",Dec 2014,2014 Q4,"CO_grains",38.59
"162","01/31/2015",Jan 2015,2015 Q1,"CO_grains",35.07
"163","02/28/2015",Feb 2015,2015 Q1,"CO_grains",36.5
"164","03/31/2015",Mar 2015,2015 Q1,"CO_grains",35.279999
"165","04/30/2015",Apr 2015,2015 Q2,"CO_grains",33.669998
"166","05/31/2015",May 2015,2015 Q2,"CO_grains",32.540001
"167","06/30/2015",Jun 2015,2015 Q2,"CO_grains",38.990002
"168","07/31/2015",Jul 2015,2015 Q3,"CO_grains",33.549999
"169","08/31/2015",Aug 2015,2015 Q3,"CO_grains",32.25
"170","09/30/2015",Sep 2015,2015 Q3,"CO_grains",33.25
"171","10/31/2015",Oct 2015,2015 Q4,"CO_grains",32.93
"172","11/30/2015",Nov 2015,2015 Q4,"CO_grains",31.280001
"173","12/31/2015",Dec 2015,2015 Q4,"CO_grains",30.35
"174","01/31/2016",Jan 2016,2016 Q1,"CO_grains",31.23
"175","02/29/2016",Feb 2016,2016 Q1,"CO_grains",29.68
"176","03/31/2016",Mar 2016,2016 Q1,"CO_grains",30.35
"177","04/30/2016",Apr 2016,2016 Q2,"CO_grains",33.290001
"178","05/31/2016",May 2016,2016 Q2,"CO_grains",33.889999
"179","06/30/2016",Jun 2016,2016 Q2,"CO_grains",32.799999
"180","07/31/2016",Jul 2016,2016 Q3,"CO_grains",29.15
"181","08/31/2016",Aug 2016,2016 Q3,"CO_grains",26.67
"182","09/30/2016",Sep 2016,2016 Q3,"CO_grains",27.809999
"183","10/31/2016",Oct 2016,2016 Q4,"CO_grains",29.26
"184","11/30/2016",Nov 2016,2016 Q4,"CO_grains",28.370001
"185","12/31/2016",Dec 2016,2016 Q4,"CO_grains",28.139999
"186","01/31/2017",Jan 2017,2017 Q1,"CO_grains",28.889999
"187","02/28/2017",Feb 2017,2017 Q1,"CO_grains",29.360001
"188","03/31/2017",Mar 2017,2017 Q1,"CO_grains",27.639999
"189","04/30/2017",Apr 2017,2017 Q2,"CO_grains",27.379999
"190","05/31/2017",May 2017,2017 Q2,"CO_grains",27.120001
"191","06/30/2017",Jun 2017,2017 Q2,"CO_grains",28.98
"192","07/31/2017",Jul 2017,2017 Q3,"CO_grains",28.26
"193","08/31/2017",Aug 2017,2017 Q3,"CO_grains",25.52
"194","09/30/2017",Sep 2017,2017 Q3,"CO_grains",25.9
"195","10/31/2017",Oct 2017,2017 Q4,"CO_grains",25.139999
"196","11/30/2017",Nov 2017,2017 Q4,"CO_grains",24.99
"197","12/31/2017",Dec 2017,2017 Q4,"CO_grains",24.360001
"198","01/31/2018",Jan 2018,2018 Q1,"CO_grains",52.23
"199","02/28/2018",Feb 2018,2018 Q1,"CO_grains",54.597
"200","03/31/2018",Mar 2018,2018 Q1,"CO_grains",53.450001
"201","04/30/2018",Apr 2018,2018 Q2,"CO_grains",55.040001
"202","05/31/2018",May 2018,2018 Q2,"CO_grains",54.549999
"203","06/30/2018",Jun 2018,2018 Q2,"CO_grains",48.119999
"204","07/31/2018",Jul 2018,2018 Q3,"CO_grains",51.139999
"205","08/31/2018",Aug 2018,2018 Q3,"CO_grains",48.150002
"206","09/30/2018",Sep 2018,2018 Q3,"CO_grains",47.220001
"207","10/31/2018",Oct 2018,2018 Q4,"CO_grains",46.619999
"208","11/30/2018",Nov 2018,2018 Q4,"CO_grains",47.529999
"209","12/31/2018",Dec 2018,2018 Q4,"CO_grains",46.896
"210","01/31/2019",Jan 2019,2019 Q1,"CO_grains",47.762001
"211","02/28/2019",Feb 2019,2019 Q1,"CO_grains",45.389999
"212","03/31/2019",Mar 2019,2019 Q1,"CO_grains",44.27
"213","04/30/2019",Apr 2019,2019 Q2,"CO_grains",42.490002
"214","06/30/2013",Jun 2013,2013 Q2,"CO_silver",18.969999
"215","07/31/2013",Jul 2013,2013 Q3,"CO_silver",19.139999
"216","08/31/2013",Aug 2013,2013 Q3,"CO_silver",22.6
"217","09/30/2013",Sep 2013,2013 Q3,"CO_silver",20.9
"218","10/31/2013",Oct 2013,2013 Q4,"CO_silver",21.1
"219","11/30/2013",Nov 2013,2013 Q4,"CO_silver",19.24
"220","12/31/2013",Dec 2013,2013 Q4,"CO_silver",18.709999
"221","01/31/2014",Jan 2014,2014 Q1,"CO_silver",18.450001
"222","02/28/2014",Feb 2014,2014 Q1,"CO_silver",20.35
"223","03/31/2014",Mar 2014,2014 Q1,"CO_silver",19.040001
"224","04/30/2014",Apr 2014,2014 Q2,"CO_silver",18.459999
"225","05/31/2014",May 2014,2014 Q2,"CO_silver",18.08
"226","06/30/2014",Jun 2014,2014 Q2,"CO_silver",20.25
"227","07/31/2014",Jul 2014,2014 Q3,"CO_silver",19.58
"228","08/31/2014",Aug 2014,2014 Q3,"CO_silver",18.709999
"229","09/30/2014",Sep 2014,2014 Q3,"CO_silver",16.35
"230","10/31/2014",Oct 2014,2014 Q4,"CO_silver",15.5
"231","11/30/2014",Nov 2014,2014 Q4,"CO_silver",14.83
"232","12/31/2014",Dec 2014,2014 Q4,"CO_silver",15.06
"233","01/31/2015",Jan 2015,2015 Q1,"CO_silver",16.540001
"234","02/28/2015",Feb 2015,2015 Q1,"CO_silver",15.87
"235","03/31/2015",Mar 2015,2015 Q1,"CO_silver",15.93
"236","04/30/2015",Apr 2015,2015 Q2,"CO_silver",15.43
"237","05/31/2015",May 2015,2015 Q2,"CO_silver",15.99
"238","06/30/2015",Jun 2015,2015 Q2,"CO_silver",15.03
"239","07/31/2015",Jul 2015,2015 Q3,"CO_silver",14.08
"240","08/31/2015",Aug 2015,2015 Q3,"CO_silver",13.99
"241","09/30/2015",Sep 2015,2015 Q3,"CO_silver",13.87
"242","10/31/2015",Oct 2015,2015 Q4,"CO_silver",14.8
"243","11/30/2015",Nov 2015,2015 Q4,"CO_silver",13.44
"244","12/31/2015",Dec 2015,2015 Q4,"CO_silver",13.19
"245","01/31/2016",Jan 2016,2016 Q1,"CO_silver",13.59
"246","02/29/2016",Feb 2016,2016 Q1,"CO_silver",14.2
"247","03/31/2016",Mar 2016,2016 Q1,"CO_silver",14.68
"248","04/30/2016",Apr 2016,2016 Q2,"CO_silver",16.98
"249","05/31/2016",May 2016,2016 Q2,"CO_silver",15.19
"250","06/30/2016",Jun 2016,2016 Q2,"CO_silver",17.860001
"251","07/31/2016",Jul 2016,2016 Q3,"CO_silver",19.35
"252","08/31/2016",Aug 2016,2016 Q3,"CO_silver",17.719999
"253","09/30/2016",Sep 2016,2016 Q3,"CO_silver",18.200001
"254","10/31/2016",Oct 2016,2016 Q4,"CO_silver",16.969999
"255","11/30/2016",Nov 2016,2016 Q4,"CO_silver",15.66
"256","12/31/2016",Dec 2016,2016 Q4,"CO_silver",15.11
"257","01/31/2017",Jan 2017,2017 Q1,"CO_silver",16.629999
"258","02/28/2017",Feb 2017,2017 Q1,"CO_silver",17.370001
"259","03/31/2017",Mar 2017,2017 Q1,"CO_silver",17.25
"260","04/30/2017",Apr 2017,2017 Q2,"CO_silver",16.299999
"261","05/31/2017",May 2017,2017 Q2,"CO_silver",16.389999
"262","06/30/2017",Jun 2017,2017 Q2,"CO_silver",15.71
"263","07/31/2017",Jul 2017,2017 Q3,"CO_silver",15.9
"264","08/31/2017",Aug 2017,2017 Q3,"CO_silver",16.65
"265","09/30/2017",Sep 2017,2017 Q3,"CO_silver",15.74
"266","10/31/2017",Oct 2017,2017 Q4,"CO_silver",15.79
"267","11/30/2017",Nov 2017,2017 Q4,"CO_silver",15.51
"268","12/31/2017",Dec 2017,2017 Q4,"CO_silver",15.99
"269","01/31/2018",Jan 2018,2018 Q1,"CO_silver",16.35
"270","02/28/2018",Feb 2018,2018 Q1,"CO_silver",15.46
"271","03/31/2018",Mar 2018,2018 Q1,"CO_silver",15.41
"272","04/30/2018",Apr 2018,2018 Q2,"CO_silver",15.38
"273","05/31/2018",May 2018,2018 Q2,"CO_silver",15.46
"274","06/30/2018",Jun 2018,2018 Q2,"CO_silver",15.15
"275","07/31/2018",Jul 2018,2018 Q3,"CO_silver",14.61
"276","08/31/2018",Aug 2018,2018 Q3,"CO_silver",13.65
"277","09/30/2018",Sep 2018,2018 Q3,"CO_silver",13.73
"278","10/31/2018",Oct 2018,2018 Q4,"CO_silver",13.41
"279","11/30/2018",Nov 2018,2018 Q4,"CO_silver",13.32
"280","12/31/2018",Dec 2018,2018 Q4,"CO_silver",14.52
"281","01/31/2019",Jan 2019,2019 Q1,"CO_silver",15.05
"282","02/28/2019",Feb 2019,2019 Q1,"CO_silver",14.63
"283","03/31/2019",Mar 2019,2019 Q1,"CO_silver",14.18
"284","04/30/2019",Apr 2019,2019 Q2,"CO_silver",14.02
"285","06/30/2013",Jun 2013,2013 Q2,"CO_gasoline",54.259998
"286","07/31/2013",Jul 2013,2013 Q3,"CO_gasoline",61.299999
"287","08/31/2013",Aug 2013,2013 Q3,"CO_gasoline",61.59
"288","09/30/2013",Sep 2013,2013 Q3,"CO_gasoline",56.09
"289","10/31/2013",Oct 2013,2013 Q4,"CO_gasoline",55.549999
"290","11/30/2013",Nov 2013,2013 Q4,"CO_gasoline",58.099998
"291","12/31/2013",Dec 2013,2013 Q4,"CO_gasoline",59.93
"292","01/31/2014",Jan 2014,2014 Q1,"CO_gasoline",56.34
"293","02/28/2014",Feb 2014,2014 Q1,"CO_gasoline",60.02
"294","03/31/2014",Mar 2014,2014 Q1,"CO_gasoline",58.98
"295","04/30/2014",Apr 2014,2014 Q2,"CO_gasoline",60.529999
"296","05/31/2014",May 2014,2014 Q2,"CO_gasoline",61
"297","06/30/2014",Jun 2014,2014 Q2,"CO_gasoline",63.040001
"298","07/31/2014",Jul 2014,2014 Q3,"CO_gasoline",58.240002
"299","08/31/2014",Aug 2014,2014 Q3,"CO_gasoline",57.419998
"300","09/30/2014",Sep 2014,2014 Q3,"CO_gasoline",54.560001
"301","10/31/2014",Oct 2014,2014 Q4,"CO_gasoline",49.52
"302","11/30/2014",Nov 2014,2014 Q4,"CO_gasoline",43.139999
"303","12/31/2014",Dec 2014,2014 Q4,"CO_gasoline",34.150002
"304","01/31/2015",Jan 2015,2015 Q1,"CO_gasoline",32.950001
"305","02/28/2015",Feb 2015,2015 Q1,"CO_gasoline",38.830002
"306","03/31/2015",Mar 2015,2015 Q1,"CO_gasoline",34.84
"307","04/30/2015",Apr 2015,2015 Q2,"CO_gasoline",40.25
"308","05/31/2015",May 2015,2015 Q2,"CO_gasoline",40.630001
"309","06/30/2015",Jun 2015,2015 Q2,"CO_gasoline",41.209999
"310","07/31/2015",Jul 2015,2015 Q3,"CO_gasoline",36.57
"311","08/31/2015",Aug 2015,2015 Q3,"CO_gasoline",33.939999
"312","09/30/2015",Sep 2015,2015 Q3,"CO_gasoline",31.65
"313","10/31/2015",Oct 2015,2015 Q4,"CO_gasoline",31.42
"314","11/30/2015",Nov 2015,2015 Q4,"CO_gasoline",30.389999
"315","12/31/2015",Dec 2015,2015 Q4,"CO_gasoline",29.26
"316","01/31/2016",Jan 2016,2016 Q1,"CO_gasoline",25.49
"317","02/29/2016",Feb 2016,2016 Q1,"CO_gasoline",23.99
"318","03/31/2016",Mar 2016,2016 Q1,"CO_gasoline",25.559999
"319","04/30/2016",Apr 2016,2016 Q2,"CO_gasoline",28.040001
"320","05/31/2016",May 2016,2016 Q2,"CO_gasoline",27.98
"321","06/30/2016",Jun 2016,2016 Q2,"CO_gasoline",25.98
"322","07/31/2016",Jul 2016,2016 Q3,"CO_gasoline",22.59
"323","08/31/2016",Aug 2016,2016 Q3,"CO_gasoline",24.01
"324","09/30/2016",Sep 2016,2016 Q3,"CO_gasoline",27.6
"325","10/31/2016",Oct 2016,2016 Q4,"CO_gasoline",27.040001
"326","11/30/2016",Nov 2016,2016 Q4,"CO_gasoline",28.07
"327","12/31/2016",Dec 2016,2016 Q4,"CO_gasoline",31.32
"328","01/31/2017",Jan 2017,2017 Q1,"CO_gasoline",28.629999
"329","02/28/2017",Feb 2017,2017 Q1,"CO_gasoline",27.940001
"330","03/31/2017",Mar 2017,2017 Q1,"CO_gasoline",27.280001
"331","04/30/2017",Apr 2017,2017 Q2,"CO_gasoline",24.610001
"332","05/31/2017",May 2017,2017 Q2,"CO_gasoline",25.48
"333","06/30/2017",Jun 2017,2017 Q2,"CO_gasoline",24.25
"334","07/31/2017",Jul 2017,2017 Q3,"CO_gasoline",27.379999
"335","08/31/2017",Aug 2017,2017 Q3,"CO_gasoline",30.66
"336","09/30/2017",Sep 2017,2017 Q3,"CO_gasoline",28.15
"337","10/31/2017",Oct 2017,2017 Q4,"CO_gasoline",31.139999
"338","11/30/2017",Nov 2017,2017 Q4,"CO_gasoline",31.23
"339","12/31/2017",Dec 2017,2017 Q4,"CO_gasoline",31.85
"340","01/31/2018",Jan 2018,2018 Q1,"CO_gasoline",33.619999
"341","02/28/2018",Feb 2018,2018 Q1,"CO_gasoline",30.889999
"342","03/31/2018",Mar 2018,2018 Q1,"CO_gasoline",32.299999
"343","04/30/2018",Apr 2018,2018 Q2,"CO_gasoline",33.900002
"344","05/31/2018",May 2018,2018 Q2,"CO_gasoline",34.529999
"345","06/30/2018",Jun 2018,2018 Q2,"CO_gasoline",34.509998
"346","07/31/2018",Jul 2018,2018 Q3,"CO_gasoline",33.959999
"347","08/31/2018",Aug 2018,2018 Q3,"CO_gasoline",34.259998
"348","09/30/2018",Sep 2018,2018 Q3,"CO_gasoline",36.139999
"349","10/31/2018",Oct 2018,2018 Q4,"CO_gasoline",30.309999
"350","11/30/2018",Nov 2018,2018 Q4,"CO_gasoline",24.469999
"351","12/31/2018",Dec 2018,2018 Q4,"CO_gasoline",22.91
"352","01/31/2019",Jan 2019,2019 Q1,"CO_gasoline",24.049999
"353","02/28/2019",Feb 2019,2019 Q1,"CO_gasoline",27.24
"354","03/31/2019",Mar 2019,2019 Q1,"CO_gasoline",29.379999
"355","04/30/2019",Apr 2019,2019 Q2,"CO_gasoline",32.810001
"356","06/30/2013",Jun 2013,2013 Q2,"CO_nat_gas",75.800003
"357","07/31/2013",Jul 2013,2013 Q3,"CO_nat_gas",72.839996
"358","08/31/2013",Aug 2013,2013 Q3,"CO_nat_gas",75.800003
"359","09/30/2013",Sep 2013,2013 Q3,"CO_nat_gas",73.120003
"360","10/31/2013",Oct 2013,2013 Q4,"CO_nat_gas",71.080002
"361","11/30/2013",Nov 2013,2013 Q4,"CO_nat_gas",76.599998
"362","12/31/2013",Dec 2013,2013 Q4,"CO_nat_gas",82.760002
"363","01/31/2014",Jan 2014,2014 Q1,"CO_nat_gas",96.720001
"364","02/28/2014",Feb 2014,2014 Q1,"CO_nat_gas",102.040001
"365","03/31/2014",Mar 2014,2014 Q1,"CO_nat_gas",97.68
"366","04/30/2014",Apr 2014,2014 Q2,"CO_nat_gas",106.199997
"367","05/31/2014",May 2014,2014 Q2,"CO_nat_gas",100.800003
"368","06/30/2014",Jun 2014,2014 Q2,"CO_nat_gas",98.400002
"369","07/31/2014",Jul 2014,2014 Q3,"CO_nat_gas",84.400002
"370","08/31/2014",Aug 2014,2014 Q3,"CO_nat_gas",89.040001
"371","09/30/2014",Sep 2014,2014 Q3,"CO_nat_gas",88.440002
"372","10/31/2014",Oct 2014,2014 Q4,"CO_nat_gas",81.120003
"373","11/30/2014",Nov 2014,2014 Q4,"CO_nat_gas",85.040001
"374","12/31/2014",Dec 2014,2014 Q4,"CO_nat_gas",59.080002
"375","01/31/2015",Jan 2015,2015 Q1,"CO_nat_gas",54.68
"376","02/28/2015",Feb 2015,2015 Q1,"CO_nat_gas",54.959999
"377","03/31/2015",Mar 2015,2015 Q1,"CO_nat_gas",52.959999
"378","04/30/2015",Apr 2015,2015 Q2,"CO_nat_gas",53.84
"379","05/31/2015",May 2015,2015 Q2,"CO_nat_gas",51.48
"380","06/30/2015",Jun 2015,2015 Q2,"CO_nat_gas",54.240002
"381","07/31/2015",Jul 2015,2015 Q3,"CO_nat_gas",52.16
"382","08/31/2015",Aug 2015,2015 Q3,"CO_nat_gas",50.799999
"383","09/30/2015",Sep 2015,2015 Q3,"CO_nat_gas",46.439999
"384","10/31/2015",Oct 2015,2015 Q4,"CO_nat_gas",39.240002
"385","11/30/2015",Nov 2015,2015 Q4,"CO_nat_gas",34.880001
"386","12/31/2015",Dec 2015,2015 Q4,"CO_nat_gas",34.68
"387","01/31/2016",Jan 2016,2016 Q1,"CO_nat_gas",33.959999
"388","02/29/2016",Feb 2016,2016 Q1,"CO_nat_gas",24.08
"389","03/31/2016",Mar 2016,2016 Q1,"CO_nat_gas",26.639999
"390","04/30/2016",Apr 2016,2016 Q2,"CO_nat_gas",27.719999
"391","05/31/2016",May 2016,2016 Q2,"CO_nat_gas",27.559999
"392","06/30/2016",Jun 2016,2016 Q2,"CO_nat_gas",34.560001
"393","07/31/2016",Jul 2016,2016 Q3,"CO_nat_gas",34.200001
"394","08/31/2016",Aug 2016,2016 Q3,"CO_nat_gas",33.799999
"395","09/30/2016",Sep 2016,2016 Q3,"CO_nat_gas",33.439999
"396","10/31/2016",Oct 2016,2016 Q4,"CO_nat_gas",32.32
"397","11/30/2016",Nov 2016,2016 Q4,"CO_nat_gas",33.720001
"398","12/31/2016",Dec 2016,2016 Q4,"CO_nat_gas",37.360001
"399","01/31/2017",Jan 2017,2017 Q1,"CO_nat_gas",31.440001
"400","02/28/2017",Feb 2017,2017 Q1,"CO_nat_gas",26.76
"401","03/31/2017",Mar 2017,2017 Q1,"CO_nat_gas",30.280001
"402","04/30/2017",Apr 2017,2017 Q2,"CO_nat_gas",30.280001
"403","05/31/2017",May 2017,2017 Q2,"CO_nat_gas",27.68
"404","06/30/2017",Jun 2017,2017 Q2,"CO_nat_gas",27.120001
"405","07/31/2017",Jul 2017,2017 Q3,"CO_nat_gas",25.280001
"406","08/31/2017",Aug 2017,2017 Q3,"CO_nat_gas",26.84
"407","09/30/2017",Sep 2017,2017 Q3,"CO_nat_gas",26.280001
"408","10/31/2017",Oct 2017,2017 Q4,"CO_nat_gas",23.92
"409","11/30/2017",Nov 2017,2017 Q4,"CO_nat_gas",24.200001
"410","12/31/2017",Dec 2017,2017 Q4,"CO_nat_gas",23.32
"411","01/31/2018",Jan 2018,2018 Q1,"CO_nat_gas",25.08
"412","02/28/2018",Feb 2018,2018 Q1,"CO_nat_gas",22.26
"413","03/31/2018",Mar 2018,2018 Q1,"CO_nat_gas",22.549999
"414","04/30/2018",Apr 2018,2018 Q2,"CO_nat_gas",22.559999
"415","05/31/2018",May 2018,2018 Q2,"CO_nat_gas",23.889999
"416","06/30/2018",Jun 2018,2018 Q2,"CO_nat_gas",23.700001
"417","07/31/2018",Jul 2018,2018 Q3,"CO_nat_gas",22.809999
"418","08/31/2018",Aug 2018,2018 Q3,"CO_nat_gas",23.950001
"419","09/30/2018",Sep 2018,2018 Q3,"CO_nat_gas",24.83
"420","10/31/2018",Oct 2018,2018 Q4,"CO_nat_gas",26.700001
"421","11/30/2018",Nov 2018,2018 Q4,"CO_nat_gas",37.32
"422","12/31/2018",Dec 2018,2018 Q4,"CO_nat_gas",24.709999
"423","01/31/2019",Jan 2019,2019 Q1,"CO_nat_gas",25.280001
"424","02/28/2019",Feb 2019,2019 Q1,"CO_nat_gas",24.73
"425","03/31/2019",Mar 2019,2019 Q1,"CO_nat_gas",23.48
"426","04/30/2019",Apr 2019,2019 Q2,"CO_nat_gas",22.33
"427","06/30/2013",Jun 2013,2013 Q2,"CO_oil2",34.18
"428","07/31/2013",Jul 2013,2013 Q3,"CO_oil2",37.360001
"429","08/31/2013",Aug 2013,2013 Q3,"CO_oil2",38.48
"430","09/30/2013",Sep 2013,2013 Q3,"CO_oil2",36.849998
"431","10/31/2013",Oct 2013,2013 Q4,"CO_oil2",34.689999
"432","11/30/2013",Nov 2013,2013 Q4,"CO_oil2",33.459999
"433","12/31/2013",Dec 2013,2013 Q4,"CO_oil2",35.32
"434","01/31/2014",Jan 2014,2014 Q1,"CO_oil2",34.799999
"435","02/28/2014",Feb 2014,2014 Q1,"CO_oil2",36.740002
"436","03/31/2014",Mar 2014,2014 Q1,"CO_oil2",36.59
"437","04/30/2014",Apr 2014,2014 Q2,"CO_oil2",36.32
"438","05/31/2014",May 2014,2014 Q2,"CO_oil2",37.68
"439","06/30/2014",Jun 2014,2014 Q2,"CO_oil2",38.880001
"440","07/31/2014",Jul 2014,2014 Q3,"CO_oil2",36.32
"441","08/31/2014",Aug 2014,2014 Q3,"CO_oil2",35.759998
"442","09/30/2014",Sep 2014,2014 Q3,"CO_oil2",34.41
"443","10/31/2014",Oct 2014,2014 Q4,"CO_oil2",30.629999
"444","11/30/2014",Nov 2014,2014 Q4,"CO_oil2",25.58
"445","12/31/2014",Dec 2014,2014 Q4,"CO_oil2",20.360001
"446","01/31/2015",Jan 2015,2015 Q1,"CO_oil2",17.82
"447","02/28/2015",Feb 2015,2015 Q1,"CO_oil2",18.1
"448","03/31/2015",Mar 2015,2015 Q1,"CO_oil2",16.84
"449","04/30/2015",Apr 2015,2015 Q2,"CO_oil2",20.51
"450","05/31/2015",May 2015,2015 Q2,"CO_oil2",20.309999
"451","06/30/2015",Jun 2015,2015 Q2,"CO_oil2",19.879999
"452","07/31/2015",Jul 2015,2015 Q3,"CO_oil2",15.59
"453","08/31/2015",Aug 2015,2015 Q3,"CO_oil2",15.89
"454","09/30/2015",Sep 2015,2015 Q3,"CO_oil2",14.68
"455","10/31/2015",Oct 2015,2015 Q4,"CO_oil2",14.81
"456","11/30/2015",Nov 2015,2015 Q4,"CO_oil2",12.93
"457","12/31/2015",Dec 2015,2015 Q4,"CO_oil2",11
"458","01/31/2016",Jan 2016,2016 Q1,"CO_oil2",9.65
"459","02/29/2016",Feb 2016,2016 Q1,"CO_oil2",9
"460","03/31/2016",Mar 2016,2016 Q1,"CO_oil2",9.7
"461","04/30/2016",Apr 2016,2016 Q2,"CO_oil2",11.3
"462","05/31/2016",May 2016,2016 Q2,"CO_oil2",11.87
"463","06/30/2016",Jun 2016,2016 Q2,"CO_oil2",11.57
"464","07/31/2016",Jul 2016,2016 Q3,"CO_oil2",9.76
"465","08/31/2016",Aug 2016,2016 Q3,"CO_oil2",10.36
"466","09/30/2016",Sep 2016,2016 Q3,"CO_oil2",10.93
"467","10/31/2016",Oct 2016,2016 Q4,"CO_oil2",10.53
"468","11/30/2016",Nov 2016,2016 Q4,"CO_oil2",10.93
"469","12/31/2016",Dec 2016,2016 Q4,"CO_oil2",11.72
"470","01/31/2017",Jan 2017,2017 Q1,"CO_oil2",11.32
"471","02/28/2017",Feb 2017,2017 Q1,"CO_oil2",11.45
"472","03/31/2017",Mar 2017,2017 Q1,"CO_oil2",10.64
"473","04/30/2017",Apr 2017,2017 Q2,"CO_oil2",10.24
"474","05/31/2017",May 2017,2017 Q2,"CO_oil2",9.96
"475","06/30/2017",Jun 2017,2017 Q2,"CO_oil2",9.5
"476","07/31/2017",Jul 2017,2017 Q3,"CO_oil2",10.28
"477","08/31/2017",Aug 2017,2017 Q3,"CO_oil2",9.63
"478","09/30/2017",Sep 2017,2017 Q3,"CO_oil2",10.43
"479","10/31/2017",Oct 2017,2017 Q4,"CO_oil2",10.93
"480","11/30/2017",Nov 2017,2017 Q4,"CO_oil2",11.47
"481","12/31/2017",Dec 2017,2017 Q4,"CO_oil2",12.01
"482","01/31/2018",Jan 2018,2018 Q1,"CO_oil2",12.98
"483","02/28/2018",Feb 2018,2018 Q1,"CO_oil2",12.37
"484","03/31/2018",Mar 2018,2018 Q1,"CO_oil2",13.09
"485","04/30/2018",Apr 2018,2018 Q2,"CO_oil2",13.8
"486","05/31/2018",May 2018,2018 Q2,"CO_oil2",13.55
"487","06/30/2018",Jun 2018,2018 Q2,"CO_oil2",15.06
"488","07/31/2018",Jul 2018,2018 Q3,"CO_oil2",14.28
"489","08/31/2018",Aug 2018,2018 Q3,"CO_oil2",14.71
"490","09/30/2018",Sep 2018,2018 Q3,"CO_oil2",15.52
"491","10/31/2018",Oct 2018,2018 Q4,"CO_oil2",13.79
"492","11/30/2018",Nov 2018,2018 Q4,"CO_oil2",10.73
"493","12/31/2018",Dec 2018,2018 Q4,"CO_oil2",9.66
"494","01/31/2019",Jan 2019,2019 Q1,"CO_oil2",11.35
"495","02/28/2019",Feb 2019,2019 Q1,"CO_oil2",11.95
"496","03/31/2019",Mar 2019,2019 Q1,"CO_oil2",12.5
"497","04/30/2019",Apr 2019,2019 Q2,"CO_oil2",13.29
"498","06/30/2013",Jun 2013,2013 Q2,"EQ_mid_cap",210.100006
"499","07/31/2013",Jul 2013,2013 Q3,"EQ_mid_cap",224.110001
"500","08/31/2013",Aug 2013,2013 Q3,"EQ_mid_cap",215.449997
"501","09/30/2013",Sep 2013,2013 Q3,"EQ_mid_cap",226.330002
"502","10/31/2013",Oct 2013,2013 Q4,"EQ_mid_cap",234.520004
"503","11/30/2013",Nov 2013,2013 Q4,"EQ_mid_cap",237.429993
"504","12/31/2013",Dec 2013,2013 Q4,"EQ_mid_cap",244.199997
"505","01/31/2014",Jan 2014,2014 Q1,"EQ_mid_cap",238.779999
"506","02/28/2014",Feb 2014,2014 Q1,"EQ_mid_cap",250.389999
"507","03/31/2014",Mar 2014,2014 Q1,"EQ_mid_cap",250.570007
"508","04/30/2014",Apr 2014,2014 Q2,"EQ_mid_cap",246.839996
"509","05/31/2014",May 2014,2014 Q2,"EQ_mid_cap",250.880005
"510","06/30/2014",Jun 2014,2014 Q2,"EQ_mid_cap",260.559998
"511","07/31/2014",Jul 2014,2014 Q3,"EQ_mid_cap",249.130005
"512","08/31/2014",Aug 2014,2014 Q3,"EQ_mid_cap",261.73999
"513","09/30/2014",Sep 2014,2014 Q3,"EQ_mid_cap",249.320007
"514","10/31/2014",Oct 2014,2014 Q4,"EQ_mid_cap",258.119995
"515","11/30/2014",Nov 2014,2014 Q4,"EQ_mid_cap",262.859985
"516","12/31/2014",Dec 2014,2014 Q4,"EQ_mid_cap",263.970001
"517","01/31/2015",Jan 2015,2015 Q1,"EQ_mid_cap",261.070007
"518","02/28/2015",Feb 2015,2015 Q1,"EQ_mid_cap",274.200012
"519","03/31/2015",Mar 2015,2015 Q1,"EQ_mid_cap",277.23999
"520","04/30/2015",Apr 2015,2015 Q2,"EQ_mid_cap",273.149994
"521","05/31/2015",May 2015,2015 Q2,"EQ_mid_cap",277.690002
"522","06/30/2015",Jun 2015,2015 Q2,"EQ_mid_cap",273.200012
"523","07/31/2015",Jul 2015,2015 Q3,"EQ_mid_cap",273.48999
"524","08/31/2015",Aug 2015,2015 Q3,"EQ_mid_cap",258
"525","09/30/2015",Sep 2015,2015 Q3,"EQ_mid_cap",248.889999
"526","10/31/2015",Oct 2015,2015 Q4,"EQ_mid_cap",262.709991
"527","11/30/2015",Nov 2015,2015 Q4,"EQ_mid_cap",266.220001
"528","12/31/2015",Dec 2015,2015 Q4,"EQ_mid_cap",254.039993
"529","01/31/2016",Jan 2016,2016 Q1,"EQ_mid_cap",239.970001
"530","02/29/2016",Feb 2016,2016 Q1,"EQ_mid_cap",242.940002
"531","03/31/2016",Mar 2016,2016 Q1,"EQ_mid_cap",262.720001
"532","04/30/2016",Apr 2016,2016 Q2,"EQ_mid_cap",265.850006
"533","05/31/2016",May 2016,2016 Q2,"EQ_mid_cap",271.820007
"534","06/30/2016",Jun 2016,2016 Q2,"EQ_mid_cap",272.230011
"535","07/31/2016",Jul 2016,2016 Q3,"EQ_mid_cap",283.779999
"536","08/31/2016",Aug 2016,2016 Q3,"EQ_mid_cap",285.079987
"537","09/30/2016",Sep 2016,2016 Q3,"EQ_mid_cap",282.269989
"538","10/31/2016",Oct 2016,2016 Q4,"EQ_mid_cap",274.769989
"539","11/30/2016",Nov 2016,2016 Q4,"EQ_mid_cap",296.429993
"540","12/31/2016",Dec 2016,2016 Q4,"EQ_mid_cap",301.730011
"541","01/31/2017",Jan 2017,2017 Q1,"EQ_mid_cap",306.700012
"542","02/28/2017",Feb 2017,2017 Q1,"EQ_mid_cap",314.660004
"543","03/31/2017",Mar 2017,2017 Q1,"EQ_mid_cap",312.420013
"544","04/30/2017",Apr 2017,2017 Q2,"EQ_mid_cap",314.850006
"545","05/31/2017",May 2017,2017 Q2,"EQ_mid_cap",313.369995
"546","06/30/2017",Jun 2017,2017 Q2,"EQ_mid_cap",317.619995
"547","07/31/2017",Jul 2017,2017 Q3,"EQ_mid_cap",320.5
"548","08/31/2017",Aug 2017,2017 Q3,"EQ_mid_cap",315.579987
"549","09/30/2017",Sep 2017,2017 Q3,"EQ_mid_cap",326.329987
"550","10/31/2017",Oct 2017,2017 Q4,"EQ_mid_cap",333.619995
"551","11/30/2017",Nov 2017,2017 Q4,"EQ_mid_cap",345.910004
"552","12/31/2017",Dec 2017,2017 Q4,"EQ_mid_cap",345.410004
"553","01/31/2018",Jan 2018,2018 Q1,"EQ_mid_cap",355
"554","02/28/2018",Feb 2018,2018 Q1,"EQ_mid_cap",339.26001
"555","03/31/2018",Mar 2018,2018 Q1,"EQ_mid_cap",341.730011
"556","04/30/2018",Apr 2018,2018 Q2,"EQ_mid_cap",340.51001
"557","05/31/2018",May 2018,2018 Q2,"EQ_mid_cap",354.540009
"558","06/30/2018",Jun 2018,2018 Q2,"EQ_mid_cap",355.019989
"559","07/31/2018",Jul 2018,2018 Q3,"EQ_mid_cap",361.070007
"560","08/31/2018",Aug 2018,2018 Q3,"EQ_mid_cap",372.48999
"561","09/30/2018",Sep 2018,2018 Q3,"EQ_mid_cap",367.459991
"562","10/31/2018",Oct 2018,2018 Q4,"EQ_mid_cap",332.149994
"563","11/30/2018",Nov 2018,2018 Q4,"EQ_mid_cap",342.73999
"564","12/31/2018",Dec 2018,2018 Q4,"EQ_mid_cap",302.670013
"565","01/31/2019",Jan 2019,2019 Q1,"EQ_mid_cap",333.790009
"566","02/28/2019",Feb 2019,2019 Q1,"EQ_mid_cap",348.220001
"567","03/31/2019",Mar 2019,2019 Q1,"EQ_mid_cap",345.399994
"568","04/30/2019",Apr 2019,2019 Q2,"EQ_mid_cap",359.100006
"569","06/30/2013",Jun 2013,2013 Q2,"EQ_small_cap",43.41
"570","07/31/2013",Jul 2013,2013 Q3,"EQ_small_cap",46.41
"571","08/31/2013",Aug 2013,2013 Q3,"EQ_small_cap",45.235001
"572","09/30/2013",Sep 2013,2013 Q3,"EQ_small_cap",47.919998
"573","10/31/2013",Oct 2013,2013 Q4,"EQ_small_cap",49.895
"574","11/30/2013",Nov 2013,2013 Q4,"EQ_small_cap",51.955002
"575","12/31/2013",Dec 2013,2013 Q4,"EQ_small_cap",51.345001
"576","01/31/2014",Jan 2014,2014 Q1,"EQ_small_cap",49.494999
"577","02/28/2014",Feb 2014,2014 Q1,"EQ_small_cap",51.369999
"578","03/31/2014",Mar 2014,2014 Q1,"EQ_small_cap",51.919998
"579","04/30/2014",Apr 2014,2014 Q2,"EQ_small_cap",50.389999
"580","05/31/2014",May 2014,2014 Q2,"EQ_small_cap",50.380001
"581","06/30/2014",Jun 2014,2014 Q2,"EQ_small_cap",52.57
"582","07/31/2014",Jul 2014,2014 Q3,"EQ_small_cap",49.759998
"583","08/31/2014",Aug 2014,2014 Q3,"EQ_small_cap",51.895
"584","09/30/2014",Sep 2014,2014 Q3,"EQ_small_cap",49.130001
"585","10/31/2014",Oct 2014,2014 Q4,"EQ_small_cap",52.490002
"586","11/30/2014",Nov 2014,2014 Q4,"EQ_small_cap",52.830002
"587","12/31/2014",Dec 2014,2014 Q4,"EQ_small_cap",52.259998
"588","01/31/2015",Jan 2015,2015 Q1,"EQ_small_cap",50.5
"589","02/28/2015",Feb 2015,2015 Q1,"EQ_small_cap",53.764999
"590","03/31/2015",Mar 2015,2015 Q1,"EQ_small_cap",54.349998
"591","04/30/2015",Apr 2015,2015 Q2,"EQ_small_cap",52.959999
"592","05/31/2015",May 2015,2015 Q2,"EQ_small_cap",53.880001
"593","06/30/2015",Jun 2015,2015 Q2,"EQ_small_cap",54.200001
"594","07/31/2015",Jul 2015,2015 Q3,"EQ_small_cap",53.73
"595","08/31/2015",Aug 2015,2015 Q3,"EQ_small_cap",50.974998
"596","09/30/2015",Sep 2015,2015 Q3,"EQ_small_cap",48.77
"597","10/31/2015",Oct 2015,2015 Q4,"EQ_small_cap",51.945
"598","11/30/2015",Nov 2015,2015 Q4,"EQ_small_cap",53.445
"599","12/31/2015",Dec 2015,2015 Q4,"EQ_small_cap",49.5
"600","01/31/2016",Jan 2016,2016 Q1,"EQ_small_cap",46.470001
"601","02/29/2016",Feb 2016,2016 Q1,"EQ_small_cap",46.845001
"602","03/31/2016",Mar 2016,2016 Q1,"EQ_small_cap",50.615002
"603","04/30/2016",Apr 2016,2016 Q2,"EQ_small_cap",51.145
"604","05/31/2016",May 2016,2016 Q2,"EQ_small_cap",52.095001
"605","06/30/2016",Jun 2016,2016 Q2,"EQ_small_cap",52.224998
"606","07/31/2016",Jul 2016,2016 Q3,"EQ_small_cap",54.810001
"607","08/31/2016",Aug 2016,2016 Q3,"EQ_small_cap",55.580002
"608","09/30/2016",Sep 2016,2016 Q3,"EQ_small_cap",55.77
"609","10/31/2016",Oct 2016,2016 Q4,"EQ_small_cap",53.299999
"610","11/30/2016",Nov 2016,2016 Q4,"EQ_small_cap",60.009998
"611","12/31/2016",Dec 2016,2016 Q4,"EQ_small_cap",60.415001
"612","01/31/2017",Jan 2017,2017 Q1,"EQ_small_cap",60.040001
"613","02/28/2017",Feb 2017,2017 Q1,"EQ_small_cap",61.07
"614","03/31/2017",Mar 2017,2017 Q1,"EQ_small_cap",60.650002
"615","04/30/2017",Apr 2017,2017 Q2,"EQ_small_cap",61.18
"616","05/31/2017",May 2017,2017 Q2,"EQ_small_cap",60.119999
"617","06/30/2017",Jun 2017,2017 Q2,"EQ_small_cap",61.575001
"618","07/31/2017",Jul 2017,2017 Q3,"EQ_small_cap",62.240002
"619","08/31/2017",Aug 2017,2017 Q3,"EQ_small_cap",60.674999
"620","09/30/2017",Sep 2017,2017 Q3,"EQ_small_cap",65.040001
"621","10/31/2017",Oct 2017,2017 Q4,"EQ_small_cap",65.709999
"622","11/30/2017",Nov 2017,2017 Q4,"EQ_small_cap",68.129997
"623","12/31/2017",Dec 2017,2017 Q4,"EQ_small_cap",66.5
"624","01/31/2018",Jan 2018,2018 Q1,"EQ_small_cap",68.169998
"625","02/28/2018",Feb 2018,2018 Q1,"EQ_small_cap",65.599998
"626","03/31/2018",Mar 2018,2018 Q1,"EQ_small_cap",66.495003
"627","04/30/2018",Apr 2018,2018 Q2,"EQ_small_cap",67.32
"628","05/31/2018",May 2018,2018 Q2,"EQ_small_cap",71.815002
"629","06/30/2018",Jun 2018,2018 Q2,"EQ_small_cap",72.300003
"630","07/31/2018",Jul 2018,2018 Q3,"EQ_small_cap",74.57
"631","08/31/2018",Aug 2018,2018 Q3,"EQ_small_cap",78.120003
"632","09/30/2018",Sep 2018,2018 Q3,"EQ_small_cap",75.470001
"633","10/31/2018",Oct 2018,2018 Q4,"EQ_small_cap",67.540001
"634","11/30/2018",Nov 2018,2018 Q4,"EQ_small_cap",68.589996
"635","12/31/2018",Dec 2018,2018 Q4,"EQ_small_cap",59.970001
"636","01/31/2019",Jan 2019,2019 Q1,"EQ_small_cap",66.300003
"637","02/28/2019",Feb 2019,2019 Q1,"EQ_small_cap",69.190002
"638","03/31/2019",Mar 2019,2019 Q1,"EQ_small_cap",66.669998
"639","04/30/2019",Apr 2019,2019 Q2,"EQ_small_cap",69.209999
"640","06/30/2013",Jun 2013,2013 Q2,"EQ_deved_intl",25.129999
"641","07/31/2013",Jul 2013,2013 Q3,"EQ_deved_intl",26.459999
"642","08/31/2013",Aug 2013,2013 Q3,"EQ_deved_intl",26.16
"643","09/30/2013",Sep 2013,2013 Q3,"EQ_deved_intl",28.01
"644","10/31/2013",Oct 2013,2013 Q4,"EQ_deved_intl",28.91
"645","11/30/2013",Nov 2013,2013 Q4,"EQ_deved_intl",29.049999
"646","12/31/2013",Dec 2013,2013 Q4,"EQ_deved_intl",29.34
"647","01/31/2014",Jan 2014,2014 Q1,"EQ_deved_intl",27.82
"648","02/28/2014",Feb 2014,2014 Q1,"EQ_deved_intl",29.49
"649","03/31/2014",Mar 2014,2014 Q1,"EQ_deved_intl",29.389999
"650","04/30/2014",Apr 2014,2014 Q2,"EQ_deved_intl",29.82
"651","05/31/2014",May 2014,2014 Q2,"EQ_deved_intl",30.360001
"652","06/30/2014",Jun 2014,2014 Q2,"EQ_deved_intl",30.26
"653","07/31/2014",Jul 2014,2014 Q3,"EQ_deved_intl",29.6
"654","08/31/2014",Aug 2014,2014 Q3,"EQ_deved_intl",29.68
"655","09/30/2014",Sep 2014,2014 Q3,"EQ_deved_intl",28.370001
"656","10/31/2014",Oct 2014,2014 Q4,"EQ_deved_intl",28.23
"657","11/30/2014",Nov 2014,2014 Q4,"EQ_deved_intl",28.17
"658","12/31/2014",Dec 2014,2014 Q4,"EQ_deved_intl",26.9
"659","01/31/2015",Jan 2015,2015 Q1,"EQ_deved_intl",26.91
"660","02/28/2015",Feb 2015,2015 Q1,"EQ_deved_intl",28.57
"661","03/31/2015",Mar 2015,2015 Q1,"EQ_deved_intl",28.23
"662","04/30/2015",Apr 2015,2015 Q2,"EQ_deved_intl",29.4
"663","05/31/2015",May 2015,2015 Q2,"EQ_deved_intl",29.34
"664","06/30/2015",Jun 2015,2015 Q2,"EQ_deved_intl",28.120001
"665","07/31/2015",Jul 2015,2015 Q3,"EQ_deved_intl",28.379999
"666","08/31/2015",Aug 2015,2015 Q3,"EQ_deved_intl",26.41
"667","09/30/2015",Sep 2015,2015 Q3,"EQ_deved_intl",25.33
"668","10/31/2015",Oct 2015,2015 Q4,"EQ_deved_intl",26.99
"669","11/30/2015",Nov 2015,2015 Q4,"EQ_deved_intl",26.719999
"670","12/31/2015",Dec 2015,2015 Q4,"EQ_deved_intl",25.75
"671","01/31/2016",Jan 2016,2016 Q1,"EQ_deved_intl",24.200001
"672","02/29/2016",Feb 2016,2016 Q1,"EQ_deved_intl",23.610001
"673","03/31/2016",Mar 2016,2016 Q1,"EQ_deved_intl",25.309999
"674","04/30/2016",Apr 2016,2016 Q2,"EQ_deved_intl",25.940001
"675","05/31/2016",May 2016,2016 Q2,"EQ_deved_intl",25.85
"676","06/30/2016",Jun 2016,2016 Q2,"EQ_deved_intl",24.93
"677","07/31/2016",Jul 2016,2016 Q3,"EQ_deved_intl",25.950001
"678","08/31/2016",Aug 2016,2016 Q3,"EQ_deved_intl",26.07
"679","09/30/2016",Sep 2016,2016 Q3,"EQ_deved_intl",26.469999
"680","10/31/2016",Oct 2016,2016 Q4,"EQ_deved_intl",25.870001
"681","11/30/2016",Nov 2016,2016 Q4,"EQ_deved_intl",25.52
"682","12/31/2016",Dec 2016,2016 Q4,"EQ_deved_intl",25.700001
"683","01/31/2017",Jan 2017,2017 Q1,"EQ_deved_intl",26.620001
"684","02/28/2017",Feb 2017,2017 Q1,"EQ_deved_intl",26.940001
"685","03/31/2017",Mar 2017,2017 Q1,"EQ_deved_intl",27.73
"686","04/30/2017",Apr 2017,2017 Q2,"EQ_deved_intl",28.299999
"687","05/31/2017",May 2017,2017 Q2,"EQ_deved_intl",29.32
"688","06/30/2017",Jun 2017,2017 Q2,"EQ_deved_intl",29.129999
"689","07/31/2017",Jul 2017,2017 Q3,"EQ_deved_intl",29.940001
"690","08/31/2017",Aug 2017,2017 Q3,"EQ_deved_intl",29.870001
"691","09/30/2017",Sep 2017,2017 Q3,"EQ_deved_intl",30.67
"692","10/31/2017",Oct 2017,2017 Q4,"EQ_deved_intl",31.18
"693","11/30/2017",Nov 2017,2017 Q4,"EQ_deved_intl",31.440001
"694","12/31/2017",Dec 2017,2017 Q4,"EQ_deved_intl",31.700001
"695","01/31/2018",Jan 2018,2018 Q1,"EQ_deved_intl",33.220001
"696","02/28/2018",Feb 2018,2018 Q1,"EQ_deved_intl",31.559999
"697","03/31/2018",Mar 2018,2018 Q1,"EQ_deved_intl",31.43
"698","04/30/2018",Apr 2018,2018 Q2,"EQ_deved_intl",31.870001
"699","05/31/2018",May 2018,2018 Q2,"EQ_deved_intl",31.35
"700","06/30/2018",Jun 2018,2018 Q2,"EQ_deved_intl",30.4
"701","07/31/2018",Jul 2018,2018 Q3,"EQ_deved_intl",31.049999
"702","08/31/2018",Aug 2018,2018 Q3,"EQ_deved_intl",30.530001
"703","09/30/2018",Sep 2018,2018 Q3,"EQ_deved_intl",30.77
"704","10/31/2018",Oct 2018,2018 Q4,"EQ_deved_intl",28.059999
"705","11/30/2018",Nov 2018,2018 Q4,"EQ_deved_intl",28.309999
"706","12/31/2018",Dec 2018,2018 Q4,"EQ_deved_intl",26.450001
"707","01/31/2019",Jan 2019,2019 Q1,"EQ_deved_intl",28.459999
"708","02/28/2019",Feb 2019,2019 Q1,"EQ_deved_intl",29.09
"709","03/31/2019",Mar 2019,2019 Q1,"EQ_deved_intl",29.209999
"710","04/30/2019",Apr 2019,2019 Q2,"EQ_deved_intl",30
"711","06/30/2013",Jun 2013,2013 Q2,"EQ_deving_intl",29.805
"712","07/31/2013",Jul 2013,2013 Q3,"EQ_deving_intl",30.504999
"713","08/31/2013",Aug 2013,2013 Q3,"EQ_deving_intl",29.41
"714","09/30/2013",Sep 2013,2013 Q3,"EQ_deving_intl",31.565001
"715","10/31/2013",Oct 2013,2013 Q4,"EQ_deving_intl",32.959999
"716","11/30/2013",Nov 2013,2013 Q4,"EQ_deving_intl",32.525002
"717","12/31/2013",Dec 2013,2013 Q4,"EQ_deving_intl",32.330002
"718","01/31/2014",Jan 2014,2014 Q1,"EQ_deving_intl",29.74
"719","02/28/2014",Feb 2014,2014 Q1,"EQ_deving_intl",30.565001
"720","03/31/2014",Mar 2014,2014 Q1,"EQ_deving_intl",31.684999
"721","04/30/2014",Apr 2014,2014 Q2,"EQ_deving_intl",31.91
"722","05/31/2014",May 2014,2014 Q2,"EQ_deving_intl",32.945
"723","06/30/2014",Jun 2014,2014 Q2,"EQ_deving_intl",33.82
"724","07/31/2014",Jul 2014,2014 Q3,"EQ_deving_intl",34.32
"725","08/31/2014",Aug 2014,2014 Q3,"EQ_deving_intl",35.57
"726","09/30/2014",Sep 2014,2014 Q3,"EQ_deving_intl",33.244999
"727","10/31/2014",Oct 2014,2014 Q4,"EQ_deving_intl",33.865002
"728","11/30/2014",Nov 2014,2014 Q4,"EQ_deving_intl",33.334999
"729","12/31/2014",Dec 2014,2014 Q4,"EQ_deving_intl",31.42
"730","01/31/2015",Jan 2015,2015 Q1,"EQ_deving_intl",31.535
"731","02/28/2015",Feb 2015,2015 Q1,"EQ_deving_intl",32.880001
"732","03/31/2015",Mar 2015,2015 Q1,"EQ_deving_intl",32.110001
"733","04/30/2015",Apr 2015,2015 Q2,"EQ_deving_intl",34.404999
"734","05/31/2015",May 2015,2015 Q2,"EQ_deving_intl",33.395
"735","06/30/2015",Jun 2015,2015 Q2,"EQ_deving_intl",32.220001
"736","07/31/2015",Jul 2015,2015 Q3,"EQ_deving_intl",30.1
"737","08/31/2015",Aug 2015,2015 Q3,"EQ_deving_intl",27.15
"738","09/30/2015",Sep 2015,2015 Q3,"EQ_deving_intl",26.209999
"739","10/31/2015",Oct 2015,2015 Q4,"EQ_deving_intl",27.99
"740","11/30/2015",Nov 2015,2015 Q4,"EQ_deving_intl",27.27
"741","12/31/2015",Dec 2015,2015 Q4,"EQ_deving_intl",26.040001
"742","01/31/2016",Jan 2016,2016 Q1,"EQ_deving_intl",24.465
"743","02/29/2016",Feb 2016,2016 Q1,"EQ_deving_intl",24.455
"744","03/31/2016",Mar 2016,2016 Q1,"EQ_deving_intl",27.360001
"745","04/30/2016",Apr 2016,2016 Q2,"EQ_deving_intl",27.74
"746","05/31/2016",May 2016,2016 Q2,"EQ_deving_intl",26.875
"747","06/30/2016",Jun 2016,2016 Q2,"EQ_deving_intl",27.780001
"748","07/31/2016",Jul 2016,2016 Q3,"EQ_deving_intl",29.125
"749","08/31/2016",Aug 2016,2016 Q3,"EQ_deving_intl",29.674999
"750","09/30/2016",Sep 2016,2016 Q3,"EQ_deving_intl",30.290001
"751","10/31/2016",Oct 2016,2016 Q4,"EQ_deving_intl",30.434999
"752","11/30/2016",Nov 2016,2016 Q4,"EQ_deving_intl",28.995001
"753","12/31/2016",Dec 2016,2016 Q4,"EQ_deving_intl",28.639999
"754","01/31/2017",Jan 2017,2017 Q1,"EQ_deving_intl",30.334999
"755","02/28/2017",Feb 2017,2017 Q1,"EQ_deving_intl",31.285
"756","03/31/2017",Mar 2017,2017 Q1,"EQ_deving_intl",32.080002
"757","04/30/2017",Apr 2017,2017 Q2,"EQ_deving_intl",32.59
"758","05/31/2017",May 2017,2017 Q2,"EQ_deving_intl",33.139999
"759","06/30/2017",Jun 2017,2017 Q2,"EQ_deving_intl",33.305
"760","07/31/2017",Jul 2017,2017 Q3,"EQ_deving_intl",35.18
"761","08/31/2017",Aug 2017,2017 Q3,"EQ_deving_intl",36.424999
"762","09/30/2017",Sep 2017,2017 Q3,"EQ_deving_intl",36.235001
"763","10/31/2017",Oct 2017,2017 Q4,"EQ_deving_intl",37.119999
"764","11/30/2017",Nov 2017,2017 Q4,"EQ_deving_intl",37.200001
"765","12/31/2017",Dec 2017,2017 Q4,"EQ_deving_intl",38.150002
"766","01/31/2018",Jan 2018,2018 Q1,"EQ_deving_intl",41.560001
"767","02/28/2018",Feb 2018,2018 Q1,"EQ_deving_intl",39.599998
"768","03/31/2018",Mar 2018,2018 Q1,"EQ_deving_intl",39.299999
"769","04/30/2018",Apr 2018,2018 Q2,"EQ_deving_intl",38.080002
"770","05/31/2018",May 2018,2018 Q2,"EQ_deving_intl",37.09
"771","06/30/2018",Jun 2018,2018 Q2,"EQ_deving_intl",35.34
"772","07/31/2018",Jul 2018,2018 Q3,"EQ_deving_intl",36.630001
"773","08/31/2018",Aug 2018,2018 Q3,"EQ_deving_intl",35.220001
"774","09/30/2018",Sep 2018,2018 Q3,"EQ_deving_intl",34.830002
"775","10/31/2018",Oct 2018,2018 Q4,"EQ_deving_intl",32.25
"776","11/30/2018",Nov 2018,2018 Q4,"EQ_deving_intl",33.880001
"777","12/31/2018",Dec 2018,2018 Q4,"EQ_deving_intl",32.360001
"778","01/31/2019",Jan 2019,2019 Q1,"EQ_deving_intl",35.450001
"779","02/28/2019",Feb 2019,2019 Q1,"EQ_deving_intl",35.119999
"780","03/31/2019",Mar 2019,2019 Q1,"EQ_deving_intl",35.759998
"781","04/30/2019",Apr 2019,2019 Q2,"EQ_deving_intl",36.459999
"782","06/30/2013",Jun 2013,2013 Q2,"EQ_large_cap",160.419998
"783","07/31/2013",Jul 2013,2013 Q3,"EQ_large_cap",168.710007
"784","08/31/2013",Aug 2013,2013 Q3,"EQ_large_cap",163.649994
"785","09/30/2013",Sep 2013,2013 Q3,"EQ_large_cap",168.009995
"786","10/31/2013",Oct 2013,2013 Q4,"EQ_large_cap",175.789993
"787","11/30/2013",Nov 2013,2013 Q4,"EQ_large_cap",181
"788","12/31/2013",Dec 2013,2013 Q4,"EQ_large_cap",184.690002
"789","01/31/2014",Jan 2014,2014 Q1,"EQ_large_cap",178.179993
"790","02/28/2014",Feb 2014,2014 Q1,"EQ_large_cap",186.289993
"791","03/31/2014",Mar 2014,2014 Q1,"EQ_large_cap",187.009995
"792","04/30/2014",Apr 2014,2014 Q2,"EQ_large_cap",188.309998
"793","05/31/2014",May 2014,2014 Q2,"EQ_large_cap",192.679993
"794","06/30/2014",Jun 2014,2014 Q2,"EQ_large_cap",195.720001
"795","07/31/2014",Jul 2014,2014 Q3,"EQ_large_cap",193.089996
"796","08/31/2014",Aug 2014,2014 Q3,"EQ_large_cap",200.710007
"797","09/30/2014",Sep 2014,2014 Q3,"EQ_large_cap",197.020004
"798","10/31/2014",Oct 2014,2014 Q4,"EQ_large_cap",201.660004
"799","11/30/2014",Nov 2014,2014 Q4,"EQ_large_cap",207.199997
"800","12/31/2014",Dec 2014,2014 Q4,"EQ_large_cap",205.539993
"801","01/31/2015",Jan 2015,2015 Q1,"EQ_large_cap",199.449997
"802","02/28/2015",Feb 2015,2015 Q1,"EQ_large_cap",210.660004
"803","03/31/2015",Mar 2015,2015 Q1,"EQ_large_cap",206.429993
"804","04/30/2015",Apr 2015,2015 Q2,"EQ_large_cap",208.460007
"805","05/31/2015",May 2015,2015 Q2,"EQ_large_cap",211.139999
"806","06/30/2015",Jun 2015,2015 Q2,"EQ_large_cap",205.850006
"807","07/31/2015",Jul 2015,2015 Q3,"EQ_large_cap",210.5
"808","08/31/2015",Aug 2015,2015 Q3,"EQ_large_cap",197.669998
"809","09/30/2015",Sep 2015,2015 Q3,"EQ_large_cap",191.630005
"810","10/31/2015",Oct 2015,2015 Q4,"EQ_large_cap",207.929993
"811","11/30/2015",Nov 2015,2015 Q4,"EQ_large_cap",208.690002
"812","12/31/2015",Dec 2015,2015 Q4,"EQ_large_cap",203.869995
"813","01/31/2016",Jan 2016,2016 Q1,"EQ_large_cap",193.720001
"814","02/29/2016",Feb 2016,2016 Q1,"EQ_large_cap",193.559998
"815","03/31/2016",Mar 2016,2016 Q1,"EQ_large_cap",205.520004
"816","04/30/2016",Apr 2016,2016 Q2,"EQ_large_cap",206.330002
"817","05/31/2016",May 2016,2016 Q2,"EQ_large_cap",209.839996
"818","06/30/2016",Jun 2016,2016 Q2,"EQ_large_cap",209.479996
"819","07/31/2016",Jul 2016,2016 Q3,"EQ_large_cap",217.119995
"820","08/31/2016",Aug 2016,2016 Q3,"EQ_large_cap",217.380005
"821","09/30/2016",Sep 2016,2016 Q3,"EQ_large_cap",216.300003
"822","10/31/2016",Oct 2016,2016 Q4,"EQ_large_cap",212.550003
"823","11/30/2016",Nov 2016,2016 Q4,"EQ_large_cap",220.380005
"824","12/31/2016",Dec 2016,2016 Q4,"EQ_large_cap",223.529999
"825","01/31/2017",Jan 2017,2017 Q1,"EQ_large_cap",227.529999
"826","02/28/2017",Feb 2017,2017 Q1,"EQ_large_cap",236.470001
"827","03/31/2017",Mar 2017,2017 Q1,"EQ_large_cap",235.740005
"828","04/30/2017",Apr 2017,2017 Q2,"EQ_large_cap",238.080002
"829","05/31/2017",May 2017,2017 Q2,"EQ_large_cap",241.440002
"830","06/30/2017",Jun 2017,2017 Q2,"EQ_large_cap",241.800003
"831","07/31/2017",Jul 2017,2017 Q3,"EQ_large_cap",246.770004
"832","08/31/2017",Aug 2017,2017 Q3,"EQ_large_cap",247.490005
"833","09/30/2017",Sep 2017,2017 Q3,"EQ_large_cap",251.229996
"834","10/31/2017",Oct 2017,2017 Q4,"EQ_large_cap",257.149994
"835","11/30/2017",Nov 2017,2017 Q4,"EQ_large_cap",265.01001
"836","12/31/2017",Dec 2017,2017 Q4,"EQ_large_cap",266.859985
"837","01/31/2018",Jan 2018,2018 Q1,"EQ_large_cap",281.899994
"838","02/28/2018",Feb 2018,2018 Q1,"EQ_large_cap",271.649994
"839","03/31/2018",Mar 2018,2018 Q1,"EQ_large_cap",263.149994
"840","04/30/2018",Apr 2018,2018 Q2,"EQ_large_cap",264.51001
"841","05/31/2018",May 2018,2018 Q2,"EQ_large_cap",270.940002
"842","06/30/2018",Jun 2018,2018 Q2,"EQ_large_cap",271.279999
"843","07/31/2018",Jul 2018,2018 Q3,"EQ_large_cap",281.329987
"844","08/31/2018",Aug 2018,2018 Q3,"EQ_large_cap",290.309998
"845","09/30/2018",Sep 2018,2018 Q3,"EQ_large_cap",290.720001
"846","10/31/2018",Oct 2018,2018 Q4,"EQ_large_cap",270.630005
"847","11/30/2018",Nov 2018,2018 Q4,"EQ_large_cap",275.649994
"848","12/31/2018",Dec 2018,2018 Q4,"EQ_large_cap",249.919998
"849","01/31/2019",Jan 2019,2019 Q1,"EQ_large_cap",269.929993
"850","02/28/2019",Feb 2019,2019 Q1,"EQ_large_cap",278.679993
"851","03/31/2019",Mar 2019,2019 Q1,"EQ_large_cap",282.480011
"852","04/30/2019",Apr 2019,2019 Q2,"EQ_large_cap",294.019989
"853","06/30/2013",Jun 2013,2013 Q2,"FI_deved_intl",49.41
"854","07/31/2013",Jul 2013,2013 Q3,"FI_deved_intl",49.490002
"855","08/31/2013",Aug 2013,2013 Q3,"FI_deved_intl",49.330002
"856","09/30/2013",Sep 2013,2013 Q3,"FI_deved_intl",49.650002
"857","10/31/2013",Oct 2013,2013 Q4,"FI_deved_intl",50.09
"858","11/30/2013",Nov 2013,2013 Q4,"FI_deved_intl",50.02
"859","12/31/2013",Dec 2013,2013 Q4,"FI_deved_intl",49.619999
"860","01/31/2014",Jan 2014,2014 Q1,"FI_deved_intl",50.330002
"861","02/28/2014",Feb 2014,2014 Q1,"FI_deved_intl",50.509998
"862","03/31/2014",Mar 2014,2014 Q1,"FI_deved_intl",50.610001
"863","04/30/2014",Apr 2014,2014 Q2,"FI_deved_intl",50.849998
"864","05/31/2014",May 2014,2014 Q2,"FI_deved_intl",51.16
"865","06/30/2014",Jun 2014,2014 Q2,"FI_deved_intl",51.41
"866","07/31/2014",Jul 2014,2014 Q3,"FI_deved_intl",51.610001
"867","08/31/2014",Aug 2014,2014 Q3,"FI_deved_intl",52.240002
"868","09/30/2014",Sep 2014,2014 Q3,"FI_deved_intl",52.110001
"869","10/31/2014",Oct 2014,2014 Q4,"FI_deved_intl",52.369999
"870","11/30/2014",Nov 2014,2014 Q4,"FI_deved_intl",52.77
"871","12/31/2014",Dec 2014,2014 Q4,"FI_deved_intl",53.110001
"872","01/31/2015",Jan 2015,2015 Q1,"FI_deved_intl",54.060001
"873","02/28/2015",Feb 2015,2015 Q1,"FI_deved_intl",53.889999
"874","03/31/2015",Mar 2015,2015 Q1,"FI_deved_intl",54.09
"875","04/30/2015",Apr 2015,2015 Q2,"FI_deved_intl",53.48
"876","05/31/2015",May 2015,2015 Q2,"FI_deved_intl",53.139999
"877","06/30/2015",Jun 2015,2015 Q2,"FI_deved_intl",52.369999
"878","07/31/2015",Jul 2015,2015 Q3,"FI_deved_intl",52.98
"879","08/31/2015",Aug 2015,2015 Q3,"FI_deved_intl",52.560001
"880","09/30/2015",Sep 2015,2015 Q3,"FI_deved_intl",52.93
"881","10/31/2015",Oct 2015,2015 Q4,"FI_deved_intl",53.18
"882","11/30/2015",Nov 2015,2015 Q4,"FI_deved_intl",53.200001
"883","12/31/2015",Dec 2015,2015 Q4,"FI_deved_intl",52.880001
"884","01/31/2016",Jan 2016,2016 Q1,"FI_deved_intl",53.57
"885","02/29/2016",Feb 2016,2016 Q1,"FI_deved_intl",54.189999
"886","03/31/2016",Mar 2016,2016 Q1,"FI_deved_intl",54.540001
"887","04/30/2016",Apr 2016,2016 Q2,"FI_deved_intl",54.34
"888","05/31/2016",May 2016,2016 Q2,"FI_deved_intl",54.689999
"889","06/30/2016",Jun 2016,2016 Q2,"FI_deved_intl",55.700001
"890","07/31/2016",Jul 2016,2016 Q3,"FI_deved_intl",56.099998
"891","08/31/2016",Aug 2016,2016 Q3,"FI_deved_intl",56.09
"892","09/30/2016",Sep 2016,2016 Q3,"FI_deved_intl",56.040001
"893","10/31/2016",Oct 2016,2016 Q4,"FI_deved_intl",55.279999
"894","11/30/2016",Nov 2016,2016 Q4,"FI_deved_intl",54.529999
"895","12/31/2016",Dec 2016,2016 Q4,"FI_deved_intl",54.290001
"896","01/31/2017",Jan 2017,2017 Q1,"FI_deved_intl",53.759998
"897","02/28/2017",Feb 2017,2017 Q1,"FI_deved_intl",54.189999
"898","03/31/2017",Mar 2017,2017 Q1,"FI_deved_intl",54.130001
"899","04/30/2017",Apr 2017,2017 Q2,"FI_deved_intl",54.349998
"900","05/31/2017",May 2017,2017 Q2,"FI_deved_intl",54.700001
"901","06/30/2017",Jun 2017,2017 Q2,"FI_deved_intl",54.360001
"902","07/31/2017",Jul 2017,2017 Q3,"FI_deved_intl",54.400002
"903","08/31/2017",Aug 2017,2017 Q3,"FI_deved_intl",54.860001
"904","09/30/2017",Sep 2017,2017 Q3,"FI_deved_intl",54.59
"905","10/31/2017",Oct 2017,2017 Q4,"FI_deved_intl",54.880001
"906","11/30/2017",Nov 2017,2017 Q4,"FI_deved_intl",54.959999
"907","12/31/2017",Dec 2017,2017 Q4,"FI_deved_intl",54.369999
"908","01/31/2018",Jan 2018,2018 Q1,"FI_deved_intl",54.060001
"909","02/28/2018",Feb 2018,2018 Q1,"FI_deved_intl",54.150002
"910","03/31/2018",Mar 2018,2018 Q1,"FI_deved_intl",54.73
"911","04/30/2018",Apr 2018,2018 Q2,"FI_deved_intl",54.599998
"912","05/31/2018",May 2018,2018 Q2,"FI_deved_intl",54.43
"913","06/30/2018",Jun 2018,2018 Q2,"FI_deved_intl",54.709999
"914","07/31/2018",Jul 2018,2018 Q3,"FI_deved_intl",54.740002
"915","08/31/2018",Aug 2018,2018 Q3,"FI_deved_intl",54.720001
"916","09/30/2018",Sep 2018,2018 Q3,"FI_deved_intl",54.540001
"917","10/31/2018",Oct 2018,2018 Q4,"FI_deved_intl",54.529999
"918","11/30/2018",Nov 2018,2018 Q4,"FI_deved_intl",54.759998
"919","12/31/2018",Dec 2018,2018 Q4,"FI_deved_intl",54.25
"920","01/31/2019",Jan 2019,2019 Q1,"FI_deved_intl",54.790001
"921","02/28/2019",Feb 2019,2019 Q1,"FI_deved_intl",54.849998
"922","03/31/2019",Mar 2019,2019 Q1,"FI_deved_intl",55.77
"923","04/30/2019",Apr 2019,2019 Q2,"FI_deved_intl",55.810001
"924","06/30/2013",Jun 2013,2013 Q2,"FI_deving_intl",29.65
"925","07/31/2013",Jul 2013,2013 Q3,"FI_deving_intl",29.93
"926","08/31/2013",Aug 2013,2013 Q3,"FI_deving_intl",28.959999
"927","09/30/2013",Sep 2013,2013 Q3,"FI_deving_intl",30.23
"928","10/31/2013",Oct 2013,2013 Q4,"FI_deving_intl",30.68
"929","11/30/2013",Nov 2013,2013 Q4,"FI_deving_intl",29.84
"930","12/31/2013",Dec 2013,2013 Q4,"FI_deving_intl",29.75
"931","01/31/2014",Jan 2014,2014 Q1,"FI_deving_intl",28.290001
"932","02/28/2014",Feb 2014,2014 Q1,"FI_deving_intl",29.1
"933","03/31/2014",Mar 2014,2014 Q1,"FI_deving_intl",29.65
"934","04/30/2014",Apr 2014,2014 Q2,"FI_deving_intl",30.120001
"935","05/31/2014",May 2014,2014 Q2,"FI_deving_intl",30.870001
"936","06/30/2014",Jun 2014,2014 Q2,"FI_deving_intl",31.219999
"937","07/31/2014",Jul 2014,2014 Q3,"FI_deving_intl",31.07
"938","08/31/2014",Aug 2014,2014 Q3,"FI_deving_intl",31.139999
"939","09/30/2014",Sep 2014,2014 Q3,"FI_deving_intl",29.610001
"940","10/31/2014",Oct 2014,2014 Q4,"FI_deving_intl",29.969999
"941","11/30/2014",Nov 2014,2014 Q4,"FI_deving_intl",29.540001
"942","12/31/2014",Dec 2014,2014 Q4,"FI_deving_intl",28.41
"943","01/31/2015",Jan 2015,2015 Q1,"FI_deving_intl",28.23
"944","02/28/2015",Feb 2015,2015 Q1,"FI_deving_intl",27.99
"945","03/31/2015",Mar 2015,2015 Q1,"FI_deving_intl",27.25
"946","04/30/2015",Apr 2015,2015 Q2,"FI_deving_intl",27.969999
"947","05/31/2015",May 2015,2015 Q2,"FI_deving_intl",27.32
"948","06/30/2015",Jun 2015,2015 Q2,"FI_deving_intl",27.08
"949","07/31/2015",Jul 2015,2015 Q3,"FI_deving_intl",26.23
"950","08/31/2015",Aug 2015,2015 Q3,"FI_deving_intl",25.25
"951","09/30/2015",Sep 2015,2015 Q3,"FI_deving_intl",24.58
"952","10/31/2015",Oct 2015,2015 Q4,"FI_deving_intl",25.440001
"953","11/30/2015",Nov 2015,2015 Q4,"FI_deving_intl",25.110001
"954","12/31/2015",Dec 2015,2015 Q4,"FI_deving_intl",24.58
"955","01/31/2016",Jan 2016,2016 Q1,"FI_deving_intl",24.5
"956","02/29/2016",Feb 2016,2016 Q1,"FI_deving_intl",24.879999
"957","03/31/2016",Mar 2016,2016 Q1,"FI_deving_intl",26.969999
"958","04/30/2016",Apr 2016,2016 Q2,"FI_deving_intl",27.59
"959","05/31/2016",May 2016,2016 Q2,"FI_deving_intl",26.469999
"960","06/30/2016",Jun 2016,2016 Q2,"FI_deving_intl",27.85
"961","07/31/2016",Jul 2016,2016 Q3,"FI_deving_intl",28.09
"962","08/31/2016",Aug 2016,2016 Q3,"FI_deving_intl",28.01
"963","09/30/2016",Sep 2016,2016 Q3,"FI_deving_intl",28.33
"964","10/31/2016",Oct 2016,2016 Q4,"FI_deving_intl",27.950001
"965","11/30/2016",Nov 2016,2016 Q4,"FI_deving_intl",26.09
"966","12/31/2016",Dec 2016,2016 Q4,"FI_deving_intl",26.58
"967","01/31/2017",Jan 2017,2017 Q1,"FI_deving_intl",27.27
"968","02/28/2017",Feb 2017,2017 Q1,"FI_deving_intl",27.709999
"969","03/31/2017",Mar 2017,2017 Q1,"FI_deving_intl",28.190001
"970","04/30/2017",Apr 2017,2017 Q2,"FI_deving_intl",28.389999
"971","05/31/2017",May 2017,2017 Q2,"FI_deving_intl",28.889999
"972","06/30/2017",Jun 2017,2017 Q2,"FI_deving_intl",29.040001
"973","07/31/2017",Jul 2017,2017 Q3,"FI_deving_intl",29.639999
"974","08/31/2017",Aug 2017,2017 Q3,"FI_deving_intl",30.15
"975","09/30/2017",Sep 2017,2017 Q3,"FI_deving_intl",29.879999
"976","10/31/2017",Oct 2017,2017 Q4,"FI_deving_intl",29.1
"977","11/30/2017",Nov 2017,2017 Q4,"FI_deving_intl",29.469999
"978","12/31/2017",Dec 2017,2017 Q4,"FI_deving_intl",29.68
"979","01/31/2018",Jan 2018,2018 Q1,"FI_deving_intl",30.58
"980","02/28/2018",Feb 2018,2018 Q1,"FI_deving_intl",30.049999
"981","03/31/2018",Mar 2018,2018 Q1,"FI_deving_intl",30.379999
"982","04/30/2018",Apr 2018,2018 Q2,"FI_deving_intl",29.34
"983","05/31/2018",May 2018,2018 Q2,"FI_deving_intl",27.799999
"984","06/30/2018",Jun 2018,2018 Q2,"FI_deving_intl",26.959999
"985","07/31/2018",Jul 2018,2018 Q3,"FI_deving_intl",27.42
"986","08/31/2018",Aug 2018,2018 Q3,"FI_deving_intl",25.940001
"987","09/30/2018",Sep 2018,2018 Q3,"FI_deving_intl",26.309999
"988","10/31/2018",Oct 2018,2018 Q4,"FI_deving_intl",25.99
"989","11/30/2018",Nov 2018,2018 Q4,"FI_deving_intl",26.51
"990","12/31/2018",Dec 2018,2018 Q4,"FI_deving_intl",26.52
"991","01/31/2019",Jan 2019,2019 Q1,"FI_deving_intl",27.77
"992","02/28/2019",Feb 2019,2019 Q1,"FI_deving_intl",27.34
"993","03/31/2019",Mar 2019,2019 Q1,"FI_deving_intl",26.91
"994","04/30/2019",Apr 2019,2019 Q2,"FI_deving_intl",26.709999
"995","06/30/2013",Jun 2013,2013 Q2,"FI_HY",118.470001
"996","07/31/2013",Jul 2013,2013 Q3,"FI_HY",120.839996
"997","08/31/2013",Aug 2013,2013 Q3,"FI_HY",119.010002
"998","09/30/2013",Sep 2013,2013 Q3,"FI_HY",119.519997
"999","10/31/2013",Oct 2013,2013 Q4,"FI_HY",121.889999
"1000","11/30/2013",Nov 2013,2013 Q4,"FI_HY",122.25
"1001","12/31/2013",Dec 2013,2013 Q4,"FI_HY",121.68
"1002","01/31/2014",Jan 2014,2014 Q1,"FI_HY",122.370003
"1003","02/28/2014",Feb 2014,2014 Q1,"FI_HY",124.589996
"1004","03/31/2014",Mar 2014,2014 Q1,"FI_HY",123.959999
"1005","04/30/2014",Apr 2014,2014 Q2,"FI_HY",124.050003
"1006","05/31/2014",May 2014,2014 Q2,"FI_HY",124.589996
"1007","06/30/2014",Jun 2014,2014 Q2,"FI_HY",125.190002
"1008","07/31/2014",Jul 2014,2014 Q3,"FI_HY",121.650002
"1009","08/31/2014",Aug 2014,2014 Q3,"FI_HY",124.110001
"1010","09/30/2014",Sep 2014,2014 Q3,"FI_HY",120.540001
"1011","10/31/2014",Oct 2014,2014 Q4,"FI_HY",121.080002
"1012","11/30/2014",Nov 2014,2014 Q4,"FI_HY",118.739998
"1013","12/31/2014",Dec 2014,2014 Q4,"FI_HY",115.830002
"1014","01/31/2015",Jan 2015,2015 Q1,"FI_HY",116.82
"1015","02/28/2015",Feb 2015,2015 Q1,"FI_HY",119.339996
"1016","03/31/2015",Mar 2015,2015 Q1,"FI_HY",117.660004
"1017","04/30/2015",Apr 2015,2015 Q2,"FI_HY",118.32
"1018","05/31/2015",May 2015,2015 Q2,"FI_HY",118.260002
"1019","06/30/2015",Jun 2015,2015 Q2,"FI_HY",115.290001
"1020","07/31/2015",Jul 2015,2015 Q3,"FI_HY",113.910004
"1021","08/31/2015",Aug 2015,2015 Q3,"FI_HY",111.029999
"1022","09/30/2015",Sep 2015,2015 Q3,"FI_HY",106.980003
"1023","10/31/2015",Oct 2015,2015 Q4,"FI_HY",109.410004
"1024","11/30/2015",Nov 2015,2015 Q4,"FI_HY",106.080002
"1025","12/31/2015",Dec 2015,2015 Q4,"FI_HY",101.730003
"1026","01/31/2016",Jan 2016,2016 Q1,"FI_HY",99.629997
"1027","02/29/2016",Feb 2016,2016 Q1,"FI_HY",100.290001
"1028","03/31/2016",Mar 2016,2016 Q1,"FI_HY",102.75
"1029","04/30/2016",Apr 2016,2016 Q2,"FI_HY",105.900002
"1030","05/31/2016",May 2016,2016 Q2,"FI_HY",105.690002
"1031","06/30/2016",Jun 2016,2016 Q2,"FI_HY",107.07
"1032","07/31/2016",Jul 2016,2016 Q3,"FI_HY",108.18
"1033","08/31/2016",Aug 2016,2016 Q3,"FI_HY",109.620003
"1034","09/30/2016",Sep 2016,2016 Q3,"FI_HY",110.160004
"1035","10/31/2016",Oct 2016,2016 Q4,"FI_HY",108.779999
"1036","11/30/2016",Nov 2016,2016 Q4,"FI_HY",108.360001
"1037","12/31/2016",Dec 2016,2016 Q4,"FI_HY",109.349998
"1038","01/31/2017",Jan 2017,2017 Q1,"FI_HY",110.730003
"1039","02/28/2017",Feb 2017,2017 Q1,"FI_HY",111.660004
"1040","03/31/2017",Mar 2017,2017 Q1,"FI_HY",110.790001
"1041","04/30/2017",Apr 2017,2017 Q2,"FI_HY",111.419998
"1042","05/31/2017",May 2017,2017 Q2,"FI_HY",112.169998
"1043","06/30/2017",Jun 2017,2017 Q2,"FI_HY",111.599998
"1044","07/31/2017",Jul 2017,2017 Q3,"FI_HY",112.199997
"1045","08/31/2017",Aug 2017,2017 Q3,"FI_HY",111.779999
"1046","09/30/2017",Sep 2017,2017 Q3,"FI_HY",111.959999
"1047","10/31/2017",Oct 2017,2017 Q4,"FI_HY",111.720001
"1048","11/30/2017",Nov 2017,2017 Q4,"FI_HY",110.82
"1049","12/31/2017",Dec 2017,2017 Q4,"FI_HY",110.160004
"1050","01/31/2018",Jan 2018,2018 Q1,"FI_HY",110.099998
"1051","02/28/2018",Feb 2018,2018 Q1,"FI_HY",108.629997
"1052","03/31/2018",Mar 2018,2018 Q1,"FI_HY",107.550003
"1053","04/30/2018",Apr 2018,2018 Q2,"FI_HY",107.610001
"1054","05/31/2018",May 2018,2018 Q2,"FI_HY",106.860001
"1055","06/30/2018",Jun 2018,2018 Q2,"FI_HY",106.440002
"1056","07/31/2018",Jul 2018,2018 Q3,"FI_HY",107.82
"1057","08/31/2018",Aug 2018,2018 Q3,"FI_HY",108
"1058","09/30/2018",Sep 2018,2018 Q3,"FI_HY",108.150002
"1059","10/31/2018",Oct 2018,2018 Q4,"FI_HY",105.480003
"1060","11/30/2018",Nov 2018,2018 Q4,"FI_HY",104.190002
"1061","12/31/2018",Dec 2018,2018 Q4,"FI_HY",100.769997
"1062","01/31/2019",Jan 2019,2019 Q1,"FI_HY",106.050003
"1063","02/28/2019",Feb 2019,2019 Q1,"FI_HY",107.07
"1064","03/31/2019",Mar 2019,2019 Q1,"FI_HY",107.91011
"1065","04/30/2019",Apr 2019,2019 Q2,"FI_HY",108.810112
"1066","06/30/2013",Jun 2013,2013 Q2,"FI_IG_mid",33.59
"1067","07/31/2013",Jul 2013,2013 Q3,"FI_IG_mid",33.669998
"1068","08/31/2013",Aug 2013,2013 Q3,"FI_IG_mid",33.439999
"1069","09/30/2013",Sep 2013,2013 Q3,"FI_IG_mid",33.740002
"1070","10/31/2013",Oct 2013,2013 Q4,"FI_IG_mid",34.07
"1071","11/30/2013",Nov 2013,2013 Q4,"FI_IG_mid",33.880001
"1072","12/31/2013",Dec 2013,2013 Q4,"FI_IG_mid",33.599998
"1073","01/31/2014",Jan 2014,2014 Q1,"FI_IG_mid",34
"1074","02/28/2014",Feb 2014,2014 Q1,"FI_IG_mid",34.18
"1075","03/31/2014",Mar 2014,2014 Q1,"FI_IG_mid",34
"1076","04/30/2014",Apr 2014,2014 Q2,"FI_IG_mid",34.130001
"1077","05/31/2014",May 2014,2014 Q2,"FI_IG_mid",34.419998
"1078","06/30/2014",Jun 2014,2014 Q2,"FI_IG_mid",34.459999
"1079","07/31/2014",Jul 2014,2014 Q3,"FI_IG_mid",34.220001
"1080","08/31/2014",Aug 2014,2014 Q3,"FI_IG_mid",34.48
"1081","09/30/2014",Sep 2014,2014 Q3,"FI_IG_mid",34.130001
"1082","10/31/2014",Oct 2014,2014 Q4,"FI_IG_mid",34.330002
"1083","11/30/2014",Nov 2014,2014 Q4,"FI_IG_mid",34.389999
"1084","12/31/2014",Dec 2014,2014 Q4,"FI_IG_mid",34.18
"1085","01/31/2015",Jan 2015,2015 Q1,"FI_IG_mid",34.810001
"1086","02/28/2015",Feb 2015,2015 Q1,"FI_IG_mid",34.459999
"1087","03/31/2015",Mar 2015,2015 Q1,"FI_IG_mid",34.540001
"1088","04/30/2015",Apr 2015,2015 Q2,"FI_IG_mid",34.52
"1089","05/31/2015",May 2015,2015 Q2,"FI_IG_mid",34.32
"1090","06/30/2015",Jun 2015,2015 Q2,"FI_IG_mid",33.970001
"1091","07/31/2015",Jul 2015,2015 Q3,"FI_IG_mid",34.009998
"1092","08/31/2015",Aug 2015,2015 Q3,"FI_IG_mid",33.790001
"1093","09/30/2015",Sep 2015,2015 Q3,"FI_IG_mid",33.950001
"1094","10/31/2015",Oct 2015,2015 Q4,"FI_IG_mid",33.950001
"1095","11/30/2015",Nov 2015,2015 Q4,"FI_IG_mid",33.880001
"1096","12/31/2015",Dec 2015,2015 Q4,"FI_IG_mid",33.43
"1097","01/31/2016",Jan 2016,2016 Q1,"FI_IG_mid",33.650002
"1098","02/29/2016",Feb 2016,2016 Q1,"FI_IG_mid",33.84
"1099","03/31/2016",Mar 2016,2016 Q1,"FI_IG_mid",34.27
"1100","04/30/2016",Apr 2016,2016 Q2,"FI_IG_mid",34.470001
"1101","05/31/2016",May 2016,2016 Q2,"FI_IG_mid",34.32
"1102","06/30/2016",Jun 2016,2016 Q2,"FI_IG_mid",34.889999
"1103","07/31/2016",Jul 2016,2016 Q3,"FI_IG_mid",35.02
"1104","08/31/2016",Aug 2016,2016 Q3,"FI_IG_mid",34.900002
"1105","09/30/2016",Sep 2016,2016 Q3,"FI_IG_mid",34.91
"1106","10/31/2016",Oct 2016,2016 Q4,"FI_IG_mid",34.66
"1107","11/30/2016",Nov 2016,2016 Q4,"FI_IG_mid",33.919998
"1108","12/31/2016",Dec 2016,2016 Q4,"FI_IG_mid",33.91
"1109","01/31/2017",Jan 2017,2017 Q1,"FI_IG_mid",34.060001
"1110","02/28/2017",Feb 2017,2017 Q1,"FI_IG_mid",34.240002
"1111","03/31/2017",Mar 2017,2017 Q1,"FI_IG_mid",34.130001
"1112","04/30/2017",Apr 2017,2017 Q2,"FI_IG_mid",34.310001
"1113","05/31/2017",May 2017,2017 Q2,"FI_IG_mid",34.5
"1114","06/30/2017",Jun 2017,2017 Q2,"FI_IG_mid",34.41
"1115","07/31/2017",Jul 2017,2017 Q3,"FI_IG_mid",34.59
"1116","08/31/2017",Aug 2017,2017 Q3,"FI_IG_mid",34.66
"1117","09/30/2017",Sep 2017,2017 Q3,"FI_IG_mid",34.509998
"1118","10/31/2017",Oct 2017,2017 Q4,"FI_IG_mid",34.52
"1119","11/30/2017",Nov 2017,2017 Q4,"FI_IG_mid",34.330002
"1120","12/31/2017",Dec 2017,2017 Q4,"FI_IG_mid",34.220001
"1121","01/31/2018",Jan 2018,2018 Q1,"FI_IG_mid",33.970001
"1122","02/28/2018",Feb 2018,2018 Q1,"FI_IG_mid",33.580002
"1123","03/31/2018",Mar 2018,2018 Q1,"FI_IG_mid",33.540001
"1124","04/30/2018",Apr 2018,2018 Q2,"FI_IG_mid",33.310001
"1125","05/31/2018",May 2018,2018 Q2,"FI_IG_mid",33.360001
"1126","06/30/2018",Jun 2018,2018 Q2,"FI_IG_mid",33.290001
"1127","07/31/2018",Jul 2018,2018 Q3,"FI_IG_mid",33.349998
"1128","08/31/2018",Aug 2018,2018 Q3,"FI_IG_mid",33.41
"1129","09/30/2018",Sep 2018,2018 Q3,"FI_IG_mid",33.299999
"1130","10/31/2018",Oct 2018,2018 Q4,"FI_IG_mid",33
"1131","11/30/2018",Nov 2018,2018 Q4,"FI_IG_mid",32.860001
"1132","12/31/2018",Dec 2018,2018 Q4,"FI_IG_mid",33.040001
"1133","01/31/2019",Jan 2019,2019 Q1,"FI_IG_mid",33.720001
"1134","02/28/2019",Feb 2019,2019 Q1,"FI_IG_mid",33.68
"1135","03/31/2019",Mar 2019,2019 Q1,"FI_IG_mid",34.169998
"1136","04/30/2019",Apr 2019,2019 Q2,"FI_IG_mid",34.209999
"1137","06/30/2013",Jun 2013,2013 Q2,"FI_IG_long",25.166666
"1138","07/31/2013",Jul 2013,2013 Q3,"FI_IG_long",25.093334
"1139","08/31/2013",Aug 2013,2013 Q3,"FI_IG_long",24.693333
"1140","09/30/2013",Sep 2013,2013 Q3,"FI_IG_long",24.639999
"1141","10/31/2013",Oct 2013,2013 Q4,"FI_IG_long",25.333334
"1142","11/30/2013",Nov 2013,2013 Q4,"FI_IG_long",24.813334
"1143","12/31/2013",Dec 2013,2013 Q4,"FI_IG_long",24.746666
"1144","01/31/2014",Jan 2014,2014 Q1,"FI_IG_long",25.526667
"1145","02/28/2014",Feb 2014,2014 Q1,"FI_IG_long",26.013334
"1146","03/31/2014",Mar 2014,2014 Q1,"FI_IG_long",26.173334
"1147","04/30/2014",Apr 2014,2014 Q2,"FI_IG_long",26.766666
"1148","05/31/2014",May 2014,2014 Q2,"FI_IG_long",27.1
"1149","06/30/2014",Jun 2014,2014 Q2,"FI_IG_long",27.066668
"1150","07/31/2014",Jul 2014,2014 Q3,"FI_IG_long",27.086666
"1151","08/31/2014",Aug 2014,2014 Q3,"FI_IG_long",27.826666
"1152","09/30/2014",Sep 2014,2014 Q3,"FI_IG_long",26.993334
"1153","10/31/2014",Oct 2014,2014 Q4,"FI_IG_long",27.373333
"1154","11/30/2014",Nov 2014,2014 Q4,"FI_IG_long",27.553333
"1155","12/31/2014",Dec 2014,2014 Q4,"FI_IG_long",27.573334
"1156","01/31/2015",Jan 2015,2015 Q1,"FI_IG_long",29.266666
"1157","02/28/2015",Feb 2015,2015 Q1,"FI_IG_long",28.426666
"1158","03/31/2015",Mar 2015,2015 Q1,"FI_IG_long",28.233334
"1159","04/30/2015",Apr 2015,2015 Q2,"FI_IG_long",27.346666
"1160","05/31/2015",May 2015,2015 Q2,"FI_IG_long",26.559999
"1161","06/30/2015",Jun 2015,2015 Q2,"FI_IG_long",25.526667
"1162","07/31/2015",Jul 2015,2015 Q3,"FI_IG_long",26.073334
"1163","08/31/2015",Aug 2015,2015 Q3,"FI_IG_long",25.473333
"1164","09/30/2015",Sep 2015,2015 Q3,"FI_IG_long",25.546667
"1165","10/31/2015",Oct 2015,2015 Q4,"FI_IG_long",25.906666
"1166","11/30/2015",Nov 2015,2015 Q4,"FI_IG_long",25.446667
"1167","12/31/2015",Dec 2015,2015 Q4,"FI_IG_long",25.053333
"1168","01/31/2016",Jan 2016,2016 Q1,"FI_IG_long",25.006666
"1169","02/29/2016",Feb 2016,2016 Q1,"FI_IG_long",25.360001
"1170","03/31/2016",Mar 2016,2016 Q1,"FI_IG_long",26.593334
"1171","04/30/2016",Apr 2016,2016 Q2,"FI_IG_long",27.280001
"1172","05/31/2016",May 2016,2016 Q2,"FI_IG_long",26.993334
"1173","06/30/2016",Jun 2016,2016 Q2,"FI_IG_long",28.139999
"1174","07/31/2016",Jul 2016,2016 Q3,"FI_IG_long",28.879999
"1175","08/31/2016",Aug 2016,2016 Q3,"FI_IG_long",28.933332
"1176","09/30/2016",Sep 2016,2016 Q3,"FI_IG_long",28.593334
"1177","10/31/2016",Oct 2016,2016 Q4,"FI_IG_long",27.780001
"1178","11/30/2016",Nov 2016,2016 Q4,"FI_IG_long",26.133333
"1179","12/31/2016",Dec 2016,2016 Q4,"FI_IG_long",26.58
"1180","01/31/2017",Jan 2017,2017 Q1,"FI_IG_long",26.626667
"1181","02/28/2017",Feb 2017,2017 Q1,"FI_IG_long",27.066668
"1182","03/31/2017",Mar 2017,2017 Q1,"FI_IG_long",26.773333
"1183","04/30/2017",Apr 2017,2017 Q2,"FI_IG_long",27.086666
"1184","05/31/2017",May 2017,2017 Q2,"FI_IG_long",27.626667
"1185","06/30/2017",Jun 2017,2017 Q2,"FI_IG_long",27.76
"1186","07/31/2017",Jul 2017,2017 Q3,"FI_IG_long",27.98
"1187","08/31/2017",Aug 2017,2017 Q3,"FI_IG_long",28.153334
"1188","09/30/2017",Sep 2017,2017 Q3,"FI_IG_long",28.08
"1189","10/31/2017",Oct 2017,2017 Q4,"FI_IG_long",28.16
"1190","11/30/2017",Nov 2017,2017 Q4,"FI_IG_long",28.15
"1191","12/31/2017",Dec 2017,2017 Q4,"FI_IG_long",28.610001
"1192","01/31/2018",Jan 2018,2018 Q1,"FI_IG_long",28.290001
"1193","02/28/2018",Feb 2018,2018 Q1,"FI_IG_long",27.02
"1194","03/31/2018",Mar 2018,2018 Q1,"FI_IG_long",27.27
"1195","04/30/2018",Apr 2018,2018 Q2,"FI_IG_long",26.49
"1196","05/31/2018",May 2018,2018 Q2,"FI_IG_long",26.459999
"1197","06/30/2018",Jun 2018,2018 Q2,"FI_IG_long",26.120001
"1198","07/31/2018",Jul 2018,2018 Q3,"FI_IG_long",26.469999
"1199","08/31/2018",Aug 2018,2018 Q3,"FI_IG_long",26.34
"1200","09/30/2018",Sep 2018,2018 Q3,"FI_IG_long",26.17
"1201","10/31/2018",Oct 2018,2018 Q4,"FI_IG_long",25.15
"1202","11/30/2018",Nov 2018,2018 Q4,"FI_IG_long",24.9
"1203","12/31/2018",Dec 2018,2018 Q4,"FI_IG_long",25.379999
"1204","01/31/2019",Jan 2019,2019 Q1,"FI_IG_long",26.35
"1205","02/28/2019",Feb 2019,2019 Q1,"FI_IG_long",26.09
"1206","03/31/2019",Mar 2019,2019 Q1,"FI_IG_long",27.129999
"1207","04/30/2019",Apr 2019,2019 Q2,"FI_IG_long",27.190001
"1208","06/30/2013",Jun 2013,2013 Q2,"FI_IG_short",30.59
"1209","07/31/2013",Jul 2013,2013 Q3,"FI_IG_short",30.67
"1210","08/31/2013",Aug 2013,2013 Q3,"FI_IG_short",30.559999
"1211","09/30/2013",Sep 2013,2013 Q3,"FI_IG_short",30.74
"1212","10/31/2013",Oct 2013,2013 Q4,"FI_IG_short",30.77
"1213","11/30/2013",Nov 2013,2013 Q4,"FI_IG_short",30.82
"1214","12/31/2013",Dec 2013,2013 Q4,"FI_IG_short",30.690001
"1215","01/31/2014",Jan 2014,2014 Q1,"FI_IG_short",30.74
"1216","02/28/2014",Feb 2014,2014 Q1,"FI_IG_short",30.809999
"1217","03/31/2014",Mar 2014,2014 Q1,"FI_IG_short",30.76
"1218","04/30/2014",Apr 2014,2014 Q2,"FI_IG_short",30.790001
"1219","05/31/2014",May 2014,2014 Q2,"FI_IG_short",30.85
"1220","06/30/2014",Jun 2014,2014 Q2,"FI_IG_short",30.809999
"1221","07/31/2014",Jul 2014,2014 Q3,"FI_IG_short",30.74
"1222","08/31/2014",Aug 2014,2014 Q3,"FI_IG_short",30.780001
"1223","09/30/2014",Sep 2014,2014 Q3,"FI_IG_short",30.690001
"1224","10/31/2014",Oct 2014,2014 Q4,"FI_IG_short",30.75
"1225","11/30/2014",Nov 2014,2014 Q4,"FI_IG_short",30.73
"1226","12/31/2014",Dec 2014,2014 Q4,"FI_IG_short",30.58
"1227","01/31/2015",Jan 2015,2015 Q1,"FI_IG_short",30.700001
"1228","02/28/2015",Feb 2015,2015 Q1,"FI_IG_short",30.74
"1229","03/31/2015",Mar 2015,2015 Q1,"FI_IG_short",30.75
"1230","04/30/2015",Apr 2015,2015 Q2,"FI_IG_short",30.700001
"1231","05/31/2015",May 2015,2015 Q2,"FI_IG_short",30.66
"1232","06/30/2015",Jun 2015,2015 Q2,"FI_IG_short",30.6
"1233","07/31/2015",Jul 2015,2015 Q3,"FI_IG_short",30.6
"1234","08/31/2015",Aug 2015,2015 Q3,"FI_IG_short",30.469999
"1235","09/30/2015",Sep 2015,2015 Q3,"FI_IG_short",30.52
"1236","10/31/2015",Oct 2015,2015 Q4,"FI_IG_short",30.57
"1237","11/30/2015",Nov 2015,2015 Q4,"FI_IG_short",30.57
"1238","12/31/2015",Dec 2015,2015 Q4,"FI_IG_short",30.4
"1239","01/31/2016",Jan 2016,2016 Q1,"FI_IG_short",30.379999
"1240","02/29/2016",Feb 2016,2016 Q1,"FI_IG_short",30.49
"1241","03/31/2016",Mar 2016,2016 Q1,"FI_IG_short",30.629999
"1242","04/30/2016",Apr 2016,2016 Q2,"FI_IG_short",30.700001
"1243","05/31/2016",May 2016,2016 Q2,"FI_IG_short",30.629999
"1244","06/30/2016",Jun 2016,2016 Q2,"FI_IG_short",30.780001
"1245","07/31/2016",Jul 2016,2016 Q3,"FI_IG_short",30.84
"1246","08/31/2016",Aug 2016,2016 Q3,"FI_IG_short",30.77
"1247","09/30/2016",Sep 2016,2016 Q3,"FI_IG_short",30.77
"1248","10/31/2016",Oct 2016,2016 Q4,"FI_IG_short",30.709999
"1249","11/30/2016",Nov 2016,2016 Q4,"FI_IG_short",30.540001
"1250","12/31/2016",Dec 2016,2016 Q4,"FI_IG_short",30.530001
"1251","01/31/2017",Jan 2017,2017 Q1,"FI_IG_short",30.59
"1252","02/28/2017",Feb 2017,2017 Q1,"FI_IG_short",30.610001
"1253","03/31/2017",Mar 2017,2017 Q1,"FI_IG_short",30.610001
"1254","04/30/2017",Apr 2017,2017 Q2,"FI_IG_short",30.639999
"1255","05/31/2017",May 2017,2017 Q2,"FI_IG_short",30.67
"1256","06/30/2017",Jun 2017,2017 Q2,"FI_IG_short",30.639999
"1257","07/31/2017",Jul 2017,2017 Q3,"FI_IG_short",30.700001
"1258","08/31/2017",Aug 2017,2017 Q3,"FI_IG_short",30.73
"1259","09/30/2017",Sep 2017,2017 Q3,"FI_IG_short",30.67
"1260","10/31/2017",Oct 2017,2017 Q4,"FI_IG_short",30.66
"1261","11/30/2017",Nov 2017,2017 Q4,"FI_IG_short",30.51
"1262","12/31/2017",Dec 2017,2017 Q4,"FI_IG_short",30.42
"1263","01/31/2018",Jan 2018,2018 Q1,"FI_IG_short",30.35
"1264","02/28/2018",Feb 2018,2018 Q1,"FI_IG_short",30.200001
"1265","03/31/2018",Mar 2018,2018 Q1,"FI_IG_short",30.200001
"1266","04/30/2018",Apr 2018,2018 Q2,"FI_IG_short",30.17
"1267","05/31/2018",May 2018,2018 Q2,"FI_IG_short",30.219999
"1268","06/30/2018",Jun 2018,2018 Q2,"FI_IG_short",30.16
"1269","07/31/2018",Jul 2018,2018 Q3,"FI_IG_short",30.190001
"1270","08/31/2018",Aug 2018,2018 Q3,"FI_IG_short",30.26
"1271","09/30/2018",Sep 2018,2018 Q3,"FI_IG_short",30.18
"1272","10/31/2018",Oct 2018,2018 Q4,"FI_IG_short",30.1
"1273","11/30/2018",Nov 2018,2018 Q4,"FI_IG_short",30.08
"1274","12/31/2018",Dec 2018,2018 Q4,"FI_IG_short",30.139999
"1275","01/31/2019",Jan 2019,2019 Q1,"FI_IG_short",30.41
"1276","02/28/2019",Feb 2019,2019 Q1,"FI_IG_short",30.42
"1277","03/31/2019",Mar 2019,2019 Q1,"FI_IG_short",30.549999
"1278","04/30/2019",Apr 2019,2019 Q2,"FI_IG_short",30.559999
"1279","06/30/2013",Jun 2013,2013 Q2,"FI_treas_long",32.080002
"1280","07/31/2013",Jul 2013,2013 Q3,"FI_treas_long",31.525
"1281","08/31/2013",Aug 2013,2013 Q3,"FI_treas_long",31.059999
"1282","09/30/2013",Sep 2013,2013 Q3,"FI_treas_long",31.25
"1283","10/31/2013",Oct 2013,2013 Q4,"FI_treas_long",31.555
"1284","11/30/2013",Nov 2013,2013 Q4,"FI_treas_long",30.645
"1285","12/31/2013",Dec 2013,2013 Q4,"FI_treas_long",29.92
"1286","01/31/2014",Jan 2014,2014 Q1,"FI_treas_long",31.709999
"1287","02/28/2014",Feb 2014,2014 Q1,"FI_treas_long",31.780001
"1288","03/31/2014",Mar 2014,2014 Q1,"FI_treas_long",31.9
"1289","04/30/2014",Apr 2014,2014 Q2,"FI_treas_long",32.439999
"1290","05/31/2014",May 2014,2014 Q2,"FI_treas_long",33.275002
"1291","06/30/2014",Jun 2014,2014 Q2,"FI_treas_long",33.150002
"1292","07/31/2014",Jul 2014,2014 Q3,"FI_treas_long",33.195
"1293","08/31/2014",Aug 2014,2014 Q3,"FI_treas_long",34.540001
"1294","09/30/2014",Sep 2014,2014 Q3,"FI_treas_long",33.82
"1295","10/31/2014",Oct 2014,2014 Q4,"FI_treas_long",34.560001
"1296","11/30/2014",Nov 2014,2014 Q4,"FI_treas_long",35.419998
"1297","12/31/2014",Dec 2014,2014 Q4,"FI_treas_long",36.435001
"1298","01/31/2015",Jan 2015,2015 Q1,"FI_treas_long",39.599998
"1299","02/28/2015",Feb 2015,2015 Q1,"FI_treas_long",37.330002
"1300","03/31/2015",Mar 2015,2015 Q1,"FI_treas_long",37.610001
"1301","04/30/2015",Apr 2015,2015 Q2,"FI_treas_long",36.415001
"1302","05/31/2015",May 2015,2015 Q2,"FI_treas_long",35.509998
"1303","06/30/2015",Jun 2015,2015 Q2,"FI_treas_long",34.16
"1304","07/31/2015",Jul 2015,2015 Q3,"FI_treas_long",35.494999
"1305","08/31/2015",Aug 2015,2015 Q3,"FI_treas_long",35.200001
"1306","09/30/2015",Sep 2015,2015 Q3,"FI_treas_long",35.755001
"1307","10/31/2015",Oct 2015,2015 Q4,"FI_treas_long",35.564999
"1308","11/30/2015",Nov 2015,2015 Q4,"FI_treas_long",35.18
"1309","12/31/2015",Dec 2015,2015 Q4,"FI_treas_long",34.939999
"1310","01/31/2016",Jan 2016,2016 Q1,"FI_treas_long",36.77
"1311","02/29/2016",Feb 2016,2016 Q1,"FI_treas_long",37.695
"1312","03/31/2016",Mar 2016,2016 Q1,"FI_treas_long",37.685001
"1313","04/30/2016",Apr 2016,2016 Q2,"FI_treas_long",37.369999
"1314","05/31/2016",May 2016,2016 Q2,"FI_treas_long",37.549999
"1315","06/30/2016",Jun 2016,2016 Q2,"FI_treas_long",39.91
"1316","07/31/2016",Jul 2016,2016 Q3,"FI_treas_long",40.639999
"1317","08/31/2016",Aug 2016,2016 Q3,"FI_treas_long",40.145
"1318","09/30/2016",Sep 2016,2016 Q3,"FI_treas_long",39.529999
"1319","10/31/2016",Oct 2016,2016 Q4,"FI_treas_long",37.794998
"1320","11/30/2016",Nov 2016,2016 Q4,"FI_treas_long",34.740002
"1321","12/31/2016",Dec 2016,2016 Q4,"FI_treas_long",34.445
"1322","01/31/2017",Jan 2017,2017 Q1,"FI_treas_long",34.705002
"1323","02/28/2017",Feb 2017,2017 Q1,"FI_treas_long",35.189999
"1324","03/31/2017",Mar 2017,2017 Q1,"FI_treas_long",34.875
"1325","04/30/2017",Apr 2017,2017 Q2,"FI_treas_long",35.349998
"1326","05/31/2017",May 2017,2017 Q2,"FI_treas_long",35.91
"1327","06/30/2017",Jun 2017,2017 Q2,"FI_treas_long",36.055
"1328","07/31/2017",Jul 2017,2017 Q3,"FI_treas_long",35.794998
"1329","08/31/2017",Aug 2017,2017 Q3,"FI_treas_long",36.875
"1330","09/30/2017",Sep 2017,2017 Q3,"FI_treas_long",35.990002
"1331","10/31/2017",Oct 2017,2017 Q4,"FI_treas_long",35.91
"1332","11/30/2017",Nov 2017,2017 Q4,"FI_treas_long",36.049999
"1333","12/31/2017",Dec 2017,2017 Q4,"FI_treas_long",36.59
"1334","01/31/2018",Jan 2018,2018 Q1,"FI_treas_long",35.349998
"1335","02/28/2018",Feb 2018,2018 Q1,"FI_treas_long",34.23
"1336","03/31/2018",Mar 2018,2018 Q1,"FI_treas_long",35.099998
"1337","04/30/2018",Apr 2018,2018 Q2,"FI_treas_long",34.310001
"1338","05/31/2018",May 2018,2018 Q2,"FI_treas_long",34.900002
"1339","06/30/2018",Jun 2018,2018 Q2,"FI_treas_long",35.029999
"1340","07/31/2018",Jul 2018,2018 Q3,"FI_treas_long",34.459999
"1341","08/31/2018",Aug 2018,2018 Q3,"FI_treas_long",34.830002
"1342","09/30/2018",Sep 2018,2018 Q3,"FI_treas_long",33.799999
"1343","10/31/2018",Oct 2018,2018 Q4,"FI_treas_long",32.759998
"1344","11/30/2018",Nov 2018,2018 Q4,"FI_treas_long",33.259998
"1345","12/31/2018",Dec 2018,2018 Q4,"FI_treas_long",35.040001
"1346","01/31/2019",Jan 2019,2019 Q1,"FI_treas_long",35.139999
"1347","02/28/2019",Feb 2019,2019 Q1,"FI_treas_long",34.59
"1348","03/31/2019",Mar 2019,2019 Q1,"FI_treas_long",36.389999
"1349","04/30/2019",Apr 2019,2019 Q2,"FI_treas_long",35.630001
"1350","06/30/2013",Jun 2013,2013 Q2,"FI_treas_short",29.889999
"1351","07/31/2013",Jul 2013,2013 Q3,"FI_treas_short",29.950001
"1352","08/31/2013",Aug 2013,2013 Q3,"FI_treas_short",29.879999
"1353","09/30/2013",Sep 2013,2013 Q3,"FI_treas_short",30.030001
"1354","10/31/2013",Oct 2013,2013 Q4,"FI_treas_short",30.26
"1355","11/30/2013",Nov 2013,2013 Q4,"FI_treas_short",30.26
"1356","12/31/2013",Dec 2013,2013 Q4,"FI_treas_short",29.93
"1357","01/31/2014",Jan 2014,2014 Q1,"FI_treas_short",30.030001
"1358","02/28/2014",Feb 2014,2014 Q1,"FI_treas_short",30.09
"1359","03/31/2014",Mar 2014,2014 Q1,"FI_treas_short",29.959999
"1360","04/30/2014",Apr 2014,2014 Q2,"FI_treas_short",30.01
"1361","05/31/2014",May 2014,2014 Q2,"FI_treas_short",30.1
"1362","06/30/2014",Jun 2014,2014 Q2,"FI_treas_short",30.07
"1363","07/31/2014",Jul 2014,2014 Q3,"FI_treas_short",29.99
"1364","08/31/2014",Aug 2014,2014 Q3,"FI_treas_short",31.809999
"1365","09/30/2014",Sep 2014,2014 Q3,"FI_treas_short",30.139999
"1366","10/31/2014",Oct 2014,2014 Q4,"FI_treas_short",30.25
"1367","11/30/2014",Nov 2014,2014 Q4,"FI_treas_short",30.200001
"1368","12/31/2014",Dec 2014,2014 Q4,"FI_treas_short",30.08
"1369","01/31/2015",Jan 2015,2015 Q1,"FI_treas_short",30.370001
"1370","02/28/2015",Feb 2015,2015 Q1,"FI_treas_short",30.200001
"1371","03/31/2015",Mar 2015,2015 Q1,"FI_treas_short",30.35
"1372","04/30/2015",Apr 2015,2015 Q2,"FI_treas_short",30.26
"1373","05/31/2015",May 2015,2015 Q2,"FI_treas_short",30.299999
"1374","06/30/2015",Jun 2015,2015 Q2,"FI_treas_short",30.290001
"1375","07/31/2015",Jul 2015,2015 Q3,"FI_treas_short",30.219999
"1376","08/31/2015",Aug 2015,2015 Q3,"FI_treas_short",30.280001
"1377","09/30/2015",Sep 2015,2015 Q3,"FI_treas_short",30.370001
"1378","10/31/2015",Oct 2015,2015 Q4,"FI_treas_short",30.290001
"1379","11/30/2015",Nov 2015,2015 Q4,"FI_treas_short",30.16
"1380","12/31/2015",Dec 2015,2015 Q4,"FI_treas_short",30.1
"1381","01/31/2016",Jan 2016,2016 Q1,"FI_treas_short",30.41
"1382","02/29/2016",Feb 2016,2016 Q1,"FI_treas_short",30.43
"1383","03/31/2016",Mar 2016,2016 Q1,"FI_treas_short",30.49
"1384","04/30/2016",Apr 2016,2016 Q2,"FI_treas_short",30.440001
"1385","05/31/2016",May 2016,2016 Q2,"FI_treas_short",30.4
"1386","06/30/2016",Jun 2016,2016 Q2,"FI_treas_short",30.66
"1387","07/31/2016",Jul 2016,2016 Q3,"FI_treas_short",30.629999
"1388","08/31/2016",Aug 2016,2016 Q3,"FI_treas_short",30.49
"1389","09/30/2016",Sep 2016,2016 Q3,"FI_treas_short",30.549999
"1390","10/31/2016",Oct 2016,2016 Q4,"FI_treas_short",30.440001
"1391","11/30/2016",Nov 2016,2016 Q4,"FI_treas_short",30.09
"1392","12/31/2016",Dec 2016,2016 Q4,"FI_treas_short",30.049999
"1393","01/31/2017",Jan 2017,2017 Q1,"FI_treas_short",30.1
"1394","02/28/2017",Feb 2017,2017 Q1,"FI_treas_short",30.129999
"1395","03/31/2017",Mar 2017,2017 Q1,"FI_treas_short",30.110001
"1396","04/30/2017",Apr 2017,2017 Q2,"FI_treas_short",30.190001
"1397","05/31/2017",May 2017,2017 Q2,"FI_treas_short",30.23
"1398","06/30/2017",Jun 2017,2017 Q2,"FI_treas_short",30.16
"1399","07/31/2017",Jul 2017,2017 Q3,"FI_treas_short",30.200001
"1400","08/31/2017",Aug 2017,2017 Q3,"FI_treas_short",30.280001
"1401","09/30/2017",Sep 2017,2017 Q3,"FI_treas_short",30.15
"1402","10/31/2017",Oct 2017,2017 Q4,"FI_treas_short",30.08
"1403","11/30/2017",Nov 2017,2017 Q4,"FI_treas_short",29.969999
"1404","12/31/2017",Dec 2017,2017 Q4,"FI_treas_short",29.870001
"1405","01/31/2018",Jan 2018,2018 Q1,"FI_treas_short",29.709999
"1406","02/28/2018",Feb 2018,2018 Q1,"FI_treas_short",29.629999
"1407","03/31/2018",Mar 2018,2018 Q1,"FI_treas_short",29.68
"1408","04/30/2018",Apr 2018,2018 Q2,"FI_treas_short",29.530001
"1409","05/31/2018",May 2018,2018 Q2,"FI_treas_short",29.59
"1410","06/30/2018",Jun 2018,2018 Q2,"FI_treas_short",29.559999
"1411","07/31/2018",Jul 2018,2018 Q3,"FI_treas_short",29.49
"1412","08/31/2018",Aug 2018,2018 Q3,"FI_treas_short",29.52
"1413","09/30/2018",Sep 2018,2018 Q3,"FI_treas_short",29.450001
"1414","10/31/2018",Oct 2018,2018 Q4,"FI_treas_short",29.43
"1415","11/30/2018",Nov 2018,2018 Q4,"FI_treas_short",29.48
"1416","12/31/2018",Dec 2018,2018 Q4,"FI_treas_short",29.58
"1417","01/31/2019",Jan 2019,2019 Q1,"FI_treas_short",29.68
"1418","02/28/2019",Feb 2019,2019 Q1,"FI_treas_short",29.639999
"1419","03/31/2019",Mar 2019,2019 Q1,"FI_treas_short",29.76
"1420","04/30/2019",Apr 2019,2019 Q2,"FI_treas_short",29.76
